Loop_counter,R2 Score Test,R2 Score Training,params,mean_test_score,std_test_score,mean_train_score,std_train_score,imputer_name,outlier_fit_on,outlier_name,outlier_strategy,outlier_threshold,feature_selector_k,feature_selector_remove_constant,feature_selector_remove_constant_threshold,feature_selector_remove_correlated,feature_selector_remove_correlated_threshold,feature_selector_use_select_best_based_on_impurity,feature_selector_use_select_best_k,normalizer_fit_on,normalizer_name,regression_name
0,0.5029071354547436,0.9822865257844954,"{'booster': 'gbtree', 'eta': 0.1, 'max_depth': 6, 'min_child_weight': 2, 'objective': 'reg:squarederror', 'subsample': 0.9}",0.46072896704569005,0.05852875887421111,0.9865475664493328,0.0019079314533389734,median,train,customOR,iqr,6.5,100,True,0.01,True,0.8,True,True,train,robustscaler,xgb
0,0.5029071354547436,0.9822865257844954,"{'booster': 'gbtree', 'eta': 0.1, 'max_depth': 6, 'min_child_weight': 3, 'objective': 'reg:squarederror', 'subsample': 1.0}",0.4555736302824741,0.06846844833131147,0.9829949992718788,0.0013934248157611113,median,train,customOR,iqr,6.5,100,True,0.01,True,0.8,True,True,train,robustscaler,xgb
0,0.5029071354547436,0.9822865257844954,"{'booster': 'gbtree', 'eta': 0.08, 'max_depth': 4, 'min_child_weight': 3, 'objective': 'reg:squarederror', 'subsample': 1.0}",0.4527703681125752,0.06709208959147357,0.8822245791006068,0.002866671890824495,median,train,customOR,iqr,6.5,100,True,0.01,True,0.8,True,True,train,robustscaler,xgb
0,0.5029071354547436,0.9822865257844954,"{'booster': 'gbtree', 'eta': 0.08, 'max_depth': 4, 'min_child_weight': 3, 'objective': 'reg:squarederror', 'subsample': 0.9}",0.45074316475047854,0.06728070313987379,0.8851561152183901,0.004761371292529206,median,train,customOR,iqr,6.5,100,True,0.01,True,0.8,True,True,train,robustscaler,xgb
1,0.5029071354547436,0.9822865257844954,"{'booster': 'gbtree', 'eta': 0.1, 'max_depth': 6, 'min_child_weight': 2, 'objective': 'reg:squarederror', 'subsample': 0.9}",0.46072896704569005,0.05852875887421111,0.9865475664493328,0.0019079314533389734,median,train,customOR,iqr,6.5,100,True,0.01,True,0.8,True,True,test,robustscaler,xgb
1,0.5029071354547436,0.9822865257844954,"{'booster': 'gbtree', 'eta': 0.1, 'max_depth': 6, 'min_child_weight': 3, 'objective': 'reg:squarederror', 'subsample': 1.0}",0.4555736302824741,0.06846844833131147,0.9829949992718788,0.0013934248157611113,median,train,customOR,iqr,6.5,100,True,0.01,True,0.8,True,True,test,robustscaler,xgb
1,0.5029071354547436,0.9822865257844954,"{'booster': 'gbtree', 'eta': 0.08, 'max_depth': 4, 'min_child_weight': 3, 'objective': 'reg:squarederror', 'subsample': 1.0}",0.4527703681125752,0.06709208959147357,0.8822245791006068,0.002866671890824495,median,train,customOR,iqr,6.5,100,True,0.01,True,0.8,True,True,test,robustscaler,xgb
1,0.5029071354547436,0.9822865257844954,"{'booster': 'gbtree', 'eta': 0.08, 'max_depth': 4, 'min_child_weight': 3, 'objective': 'reg:squarederror', 'subsample': 0.9}",0.45074316475047854,0.06728070313987379,0.8851561152183901,0.004761371292529206,median,train,customOR,iqr,6.5,100,True,0.01,True,0.8,True,True,test,robustscaler,xgb
2,0.5138515057092985,0.9298966380802618,"{'booster': 'gbtree', 'eta': 0.08, 'max_depth': 4, 'min_child_weight': 3, 'objective': 'reg:squarederror', 'subsample': 0.8}",0.4752807693393857,0.08009540076788799,0.9359807796705051,0.0034461581982976977,median,train,customOR,iqr,6.5,100,True,0.01,True,0.8,True,False,train,robustscaler,xgb
2,0.5138515057092985,0.9298966380802618,"{'booster': 'gbtree', 'eta': 0.1, 'max_depth': 2, 'min_child_weight': 1, 'objective': 'reg:squarederror', 'subsample': 0.9}",0.4740116446748823,0.06035357356267688,0.7650011143985092,0.004057570857403708,median,train,customOR,iqr,6.5,100,True,0.01,True,0.8,True,False,train,robustscaler,xgb
2,0.5138515057092985,0.9298966380802618,"{'booster': 'gbtree', 'eta': 0.1, 'max_depth': 2, 'min_child_weight': 2, 'objective': 'reg:squarederror', 'subsample': 0.9}",0.4698779117481699,0.06522745906810902,0.7640558584779862,0.0036068600155697702,median,train,customOR,iqr,6.5,100,True,0.01,True,0.8,True,False,train,robustscaler,xgb
2,0.5138515057092985,0.9298966380802618,"{'booster': 'gbtree', 'eta': 0.08, 'max_depth': 4, 'min_child_weight': 1, 'objective': 'reg:squarederror', 'subsample': 0.8}",0.4691184081180949,0.07162732540665755,0.9397665974046641,0.002176488974794736,median,train,customOR,iqr,6.5,100,True,0.01,True,0.8,True,False,train,robustscaler,xgb
3,0.5138515057092985,0.9298966380802618,"{'booster': 'gbtree', 'eta': 0.08, 'max_depth': 4, 'min_child_weight': 3, 'objective': 'reg:squarederror', 'subsample': 0.8}",0.4752807693393857,0.08009540076788799,0.9359807796705051,0.0034461581982976977,median,train,customOR,iqr,6.5,100,True,0.01,True,0.8,True,False,test,robustscaler,xgb
3,0.5138515057092985,0.9298966380802618,"{'booster': 'gbtree', 'eta': 0.1, 'max_depth': 2, 'min_child_weight': 1, 'objective': 'reg:squarederror', 'subsample': 0.9}",0.4740116446748823,0.06035357356267688,0.7650011143985092,0.004057570857403708,median,train,customOR,iqr,6.5,100,True,0.01,True,0.8,True,False,test,robustscaler,xgb
3,0.5138515057092985,0.9298966380802618,"{'booster': 'gbtree', 'eta': 0.1, 'max_depth': 2, 'min_child_weight': 2, 'objective': 'reg:squarederror', 'subsample': 0.9}",0.4698779117481699,0.06522745906810902,0.7640558584779862,0.0036068600155697702,median,train,customOR,iqr,6.5,100,True,0.01,True,0.8,True,False,test,robustscaler,xgb
3,0.5138515057092985,0.9298966380802618,"{'booster': 'gbtree', 'eta': 0.08, 'max_depth': 4, 'min_child_weight': 1, 'objective': 'reg:squarederror', 'subsample': 0.8}",0.4691184081180949,0.07162732540665755,0.9397665974046641,0.002176488974794736,median,train,customOR,iqr,6.5,100,True,0.01,True,0.8,True,False,test,robustscaler,xgb
4,0.5467050276130048,0.9836081099434661,"{'booster': 'gbtree', 'eta': 0.08, 'max_depth': 6, 'min_child_weight': 3, 'objective': 'reg:squarederror', 'subsample': 1.0}",0.49128851482125935,0.062165673326338655,0.987696872336351,0.001109880384346533,median,train,customOR,iqr,6.5,100,True,0.01,True,0.8,False,True,train,robustscaler,xgb
4,0.5467050276130048,0.9836081099434661,"{'booster': 'gbtree', 'eta': 0.1, 'max_depth': 6, 'min_child_weight': 3, 'objective': 'reg:squarederror', 'subsample': 0.9}",0.49017526099333797,0.07767619060128907,0.9935375706694591,0.000958855176599615,median,train,customOR,iqr,6.5,100,True,0.01,True,0.8,False,True,train,robustscaler,xgb
4,0.5467050276130048,0.9836081099434661,"{'booster': 'gbtree', 'eta': 0.08, 'max_depth': 4, 'min_child_weight': 1, 'objective': 'reg:squarederror', 'subsample': 0.9}",0.4886483023066773,0.07433067756380712,0.9268998712272873,0.0008482166548371986,median,train,customOR,iqr,6.5,100,True,0.01,True,0.8,False,True,train,robustscaler,xgb
4,0.5467050276130048,0.9836081099434661,"{'booster': 'gbtree', 'eta': 0.08, 'max_depth': 6, 'min_child_weight': 2, 'objective': 'reg:squarederror', 'subsample': 0.9}",0.48773545102234256,0.07744696745791284,0.9886042763766886,0.0011608861704628993,median,train,customOR,iqr,6.5,100,True,0.01,True,0.8,False,True,train,robustscaler,xgb
5,0.5467050276130048,0.9836081099434661,"{'booster': 'gbtree', 'eta': 0.08, 'max_depth': 6, 'min_child_weight': 3, 'objective': 'reg:squarederror', 'subsample': 1.0}",0.49128851482125935,0.062165673326338655,0.987696872336351,0.001109880384346533,median,train,customOR,iqr,6.5,100,True,0.01,True,0.8,False,True,test,robustscaler,xgb
5,0.5467050276130048,0.9836081099434661,"{'booster': 'gbtree', 'eta': 0.1, 'max_depth': 6, 'min_child_weight': 3, 'objective': 'reg:squarederror', 'subsample': 0.9}",0.49017526099333797,0.07767619060128907,0.9935375706694591,0.000958855176599615,median,train,customOR,iqr,6.5,100,True,0.01,True,0.8,False,True,test,robustscaler,xgb
5,0.5467050276130048,0.9836081099434661,"{'booster': 'gbtree', 'eta': 0.08, 'max_depth': 4, 'min_child_weight': 1, 'objective': 'reg:squarederror', 'subsample': 0.9}",0.4886483023066773,0.07433067756380712,0.9268998712272873,0.0008482166548371986,median,train,customOR,iqr,6.5,100,True,0.01,True,0.8,False,True,test,robustscaler,xgb
5,0.5467050276130048,0.9836081099434661,"{'booster': 'gbtree', 'eta': 0.08, 'max_depth': 6, 'min_child_weight': 2, 'objective': 'reg:squarederror', 'subsample': 0.9}",0.48773545102234256,0.07744696745791284,0.9886042763766886,0.0011608861704628993,median,train,customOR,iqr,6.5,100,True,0.01,True,0.8,False,True,test,robustscaler,xgb
6,0.5739218086404767,0.7751192390401009,"{'booster': 'gbtree', 'eta': 0.1, 'max_depth': 2, 'min_child_weight': 1, 'objective': 'reg:squarederror', 'subsample': 0.8}",0.48168519257617043,0.038429124251345786,0.7843902574055884,0.002906512719191891,median,train,customOR,iqr,6.5,100,True,0.01,True,0.8,False,False,train,robustscaler,xgb
6,0.5739218086404767,0.7751192390401009,"{'booster': 'gbtree', 'eta': 0.08, 'max_depth': 4, 'min_child_weight': 1, 'objective': 'reg:squarederror', 'subsample': 0.8}",0.4793781967063011,0.051605060767815555,0.9518993630772001,0.002117763542555365,median,train,customOR,iqr,6.5,100,True,0.01,True,0.8,False,False,train,robustscaler,xgb
6,0.5739218086404767,0.7751192390401009,"{'booster': 'gbtree', 'eta': 0.08, 'max_depth': 6, 'min_child_weight': 2, 'objective': 'reg:squarederror', 'subsample': 1.0}",0.4768750509400915,0.0778206127231442,0.9961841451276428,0.00034218928610984525,median,train,customOR,iqr,6.5,100,True,0.01,True,0.8,False,False,train,robustscaler,xgb
6,0.5739218086404767,0.7751192390401009,"{'booster': 'gbtree', 'eta': 0.1, 'max_depth': 2, 'min_child_weight': 1, 'objective': 'reg:squarederror', 'subsample': 0.9}",0.47665662342887527,0.050290313520142814,0.7854407155604312,0.003627651475662843,median,train,customOR,iqr,6.5,100,True,0.01,True,0.8,False,False,train,robustscaler,xgb
7,0.5739218086404767,0.7751192390401009,"{'booster': 'gbtree', 'eta': 0.1, 'max_depth': 2, 'min_child_weight': 1, 'objective': 'reg:squarederror', 'subsample': 0.8}",0.48168519257617043,0.038429124251345786,0.7843902574055884,0.002906512719191891,median,train,customOR,iqr,6.5,100,True,0.01,True,0.8,False,False,test,robustscaler,xgb
7,0.5739218086404767,0.7751192390401009,"{'booster': 'gbtree', 'eta': 0.08, 'max_depth': 4, 'min_child_weight': 1, 'objective': 'reg:squarederror', 'subsample': 0.8}",0.4793781967063011,0.051605060767815555,0.9518993630772001,0.002117763542555365,median,train,customOR,iqr,6.5,100,True,0.01,True,0.8,False,False,test,robustscaler,xgb
7,0.5739218086404767,0.7751192390401009,"{'booster': 'gbtree', 'eta': 0.08, 'max_depth': 6, 'min_child_weight': 2, 'objective': 'reg:squarederror', 'subsample': 1.0}",0.4768750509400915,0.0778206127231442,0.9961841451276428,0.00034218928610984525,median,train,customOR,iqr,6.5,100,True,0.01,True,0.8,False,False,test,robustscaler,xgb
7,0.5739218086404767,0.7751192390401009,"{'booster': 'gbtree', 'eta': 0.1, 'max_depth': 2, 'min_child_weight': 1, 'objective': 'reg:squarederror', 'subsample': 0.9}",0.47665662342887527,0.050290313520142814,0.7854407155604312,0.003627651475662843,median,train,customOR,iqr,6.5,100,True,0.01,True,0.8,False,False,test,robustscaler,xgb
8,0.5249885445339543,0.8728748483053513,"{'booster': 'gbtree', 'eta': 0.08, 'max_depth': 4, 'min_child_weight': 3, 'objective': 'reg:squarederror', 'subsample': 0.8}",0.4746796374657308,0.07852418687404454,0.8787020334285532,0.004420771210150515,median,train,customOR,iqr,6.5,80,True,0.01,True,0.8,True,True,train,robustscaler,xgb
8,0.5249885445339543,0.8728748483053513,"{'booster': 'gbtree', 'eta': 0.08, 'max_depth': 6, 'min_child_weight': 3, 'objective': 'reg:squarederror', 'subsample': 0.8}",0.4686406955765444,0.08633022133190178,0.9653016759425155,0.0016937786832461343,median,train,customOR,iqr,6.5,80,True,0.01,True,0.8,True,True,train,robustscaler,xgb
8,0.5249885445339543,0.8728748483053513,"{'booster': 'gbtree', 'eta': 0.1, 'max_depth': 4, 'min_child_weight': 1, 'objective': 'reg:squarederror', 'subsample': 0.9}",0.4682445395797502,0.07924095677642946,0.9180433266311848,0.002955138508109672,median,train,customOR,iqr,6.5,80,True,0.01,True,0.8,True,True,train,robustscaler,xgb
8,0.5249885445339543,0.8728748483053513,"{'booster': 'gbtree', 'eta': 0.1, 'max_depth': 4, 'min_child_weight': 3, 'objective': 'reg:squarederror', 'subsample': 0.8}",0.4663068969512084,0.08295864462794979,0.9075425334325894,0.0032568164108890824,median,train,customOR,iqr,6.5,80,True,0.01,True,0.8,True,True,train,robustscaler,xgb
9,0.5249885445339543,0.8728748483053513,"{'booster': 'gbtree', 'eta': 0.08, 'max_depth': 4, 'min_child_weight': 3, 'objective': 'reg:squarederror', 'subsample': 0.8}",0.4746796374657308,0.07852418687404454,0.8787020334285532,0.004420771210150515,median,train,customOR,iqr,6.5,80,True,0.01,True,0.8,True,True,test,robustscaler,xgb
9,0.5249885445339543,0.8728748483053513,"{'booster': 'gbtree', 'eta': 0.08, 'max_depth': 6, 'min_child_weight': 3, 'objective': 'reg:squarederror', 'subsample': 0.8}",0.4686406955765444,0.08633022133190178,0.9653016759425155,0.0016937786832461343,median,train,customOR,iqr,6.5,80,True,0.01,True,0.8,True,True,test,robustscaler,xgb
9,0.5249885445339543,0.8728748483053513,"{'booster': 'gbtree', 'eta': 0.1, 'max_depth': 4, 'min_child_weight': 1, 'objective': 'reg:squarederror', 'subsample': 0.9}",0.4682445395797502,0.07924095677642946,0.9180433266311848,0.002955138508109672,median,train,customOR,iqr,6.5,80,True,0.01,True,0.8,True,True,test,robustscaler,xgb
9,0.5249885445339543,0.8728748483053513,"{'booster': 'gbtree', 'eta': 0.1, 'max_depth': 4, 'min_child_weight': 3, 'objective': 'reg:squarederror', 'subsample': 0.8}",0.4663068969512084,0.08295864462794979,0.9075425334325894,0.0032568164108890824,median,train,customOR,iqr,6.5,80,True,0.01,True,0.8,True,True,test,robustscaler,xgb
10,0.5138515057092985,0.9298966380802618,"{'booster': 'gbtree', 'eta': 0.08, 'max_depth': 4, 'min_child_weight': 3, 'objective': 'reg:squarederror', 'subsample': 0.8}",0.4752807693393857,0.08009540076788799,0.9359807796705051,0.0034461581982976977,median,train,customOR,iqr,6.5,80,True,0.01,True,0.8,True,False,train,robustscaler,xgb
10,0.5138515057092985,0.9298966380802618,"{'booster': 'gbtree', 'eta': 0.1, 'max_depth': 2, 'min_child_weight': 1, 'objective': 'reg:squarederror', 'subsample': 0.9}",0.4740116446748823,0.06035357356267688,0.7650011143985092,0.004057570857403708,median,train,customOR,iqr,6.5,80,True,0.01,True,0.8,True,False,train,robustscaler,xgb
10,0.5138515057092985,0.9298966380802618,"{'booster': 'gbtree', 'eta': 0.1, 'max_depth': 2, 'min_child_weight': 2, 'objective': 'reg:squarederror', 'subsample': 0.9}",0.4698779117481699,0.06522745906810902,0.7640558584779862,0.0036068600155697702,median,train,customOR,iqr,6.5,80,True,0.01,True,0.8,True,False,train,robustscaler,xgb
10,0.5138515057092985,0.9298966380802618,"{'booster': 'gbtree', 'eta': 0.08, 'max_depth': 4, 'min_child_weight': 1, 'objective': 'reg:squarederror', 'subsample': 0.8}",0.4691184081180949,0.07162732540665755,0.9397665974046641,0.002176488974794736,median,train,customOR,iqr,6.5,80,True,0.01,True,0.8,True,False,train,robustscaler,xgb
11,0.5138515057092985,0.9298966380802618,"{'booster': 'gbtree', 'eta': 0.08, 'max_depth': 4, 'min_child_weight': 3, 'objective': 'reg:squarederror', 'subsample': 0.8}",0.4752807693393857,0.08009540076788799,0.9359807796705051,0.0034461581982976977,median,train,customOR,iqr,6.5,80,True,0.01,True,0.8,True,False,test,robustscaler,xgb
11,0.5138515057092985,0.9298966380802618,"{'booster': 'gbtree', 'eta': 0.1, 'max_depth': 2, 'min_child_weight': 1, 'objective': 'reg:squarederror', 'subsample': 0.9}",0.4740116446748823,0.06035357356267688,0.7650011143985092,0.004057570857403708,median,train,customOR,iqr,6.5,80,True,0.01,True,0.8,True,False,test,robustscaler,xgb
11,0.5138515057092985,0.9298966380802618,"{'booster': 'gbtree', 'eta': 0.1, 'max_depth': 2, 'min_child_weight': 2, 'objective': 'reg:squarederror', 'subsample': 0.9}",0.4698779117481699,0.06522745906810902,0.7640558584779862,0.0036068600155697702,median,train,customOR,iqr,6.5,80,True,0.01,True,0.8,True,False,test,robustscaler,xgb
11,0.5138515057092985,0.9298966380802618,"{'booster': 'gbtree', 'eta': 0.08, 'max_depth': 4, 'min_child_weight': 1, 'objective': 'reg:squarederror', 'subsample': 0.8}",0.4691184081180949,0.07162732540665755,0.9397665974046641,0.002176488974794736,median,train,customOR,iqr,6.5,80,True,0.01,True,0.8,True,False,test,robustscaler,xgb
12,0.5698486446191683,0.9863110115354643,"{'booster': 'gbtree', 'eta': 0.08, 'max_depth': 6, 'min_child_weight': 3, 'objective': 'reg:squarederror', 'subsample': 1.0}",0.5009039013612584,0.07143812666907545,0.9862778378485129,0.0018616067086606668,median,train,customOR,iqr,6.5,80,True,0.01,True,0.8,False,True,train,robustscaler,xgb
12,0.5698486446191683,0.9863110115354643,"{'booster': 'gbtree', 'eta': 0.08, 'max_depth': 6, 'min_child_weight': 2, 'objective': 'reg:squarederror', 'subsample': 0.8}",0.49903983254493767,0.07424133070417047,0.9841038330708092,0.0009726939228231284,median,train,customOR,iqr,6.5,80,True,0.01,True,0.8,False,True,train,robustscaler,xgb
12,0.5698486446191683,0.9863110115354643,"{'booster': 'gbtree', 'eta': 0.1, 'max_depth': 4, 'min_child_weight': 3, 'objective': 'reg:squarederror', 'subsample': 0.8}",0.4989410076247659,0.07856590942354362,0.9380937998238039,0.0023961945177387017,median,train,customOR,iqr,6.5,80,True,0.01,True,0.8,False,True,train,robustscaler,xgb
12,0.5698486446191683,0.9863110115354643,"{'booster': 'gbtree', 'eta': 0.08, 'max_depth': 4, 'min_child_weight': 1, 'objective': 'reg:squarederror', 'subsample': 0.8}",0.4987842175640109,0.07817980352423519,0.9197394581609462,0.0028045662031168732,median,train,customOR,iqr,6.5,80,True,0.01,True,0.8,False,True,train,robustscaler,xgb
13,0.5698486446191683,0.9863110115354643,"{'booster': 'gbtree', 'eta': 0.08, 'max_depth': 6, 'min_child_weight': 3, 'objective': 'reg:squarederror', 'subsample': 1.0}",0.5009039013612584,0.07143812666907545,0.9862778378485129,0.0018616067086606668,median,train,customOR,iqr,6.5,80,True,0.01,True,0.8,False,True,test,robustscaler,xgb
13,0.5698486446191683,0.9863110115354643,"{'booster': 'gbtree', 'eta': 0.08, 'max_depth': 6, 'min_child_weight': 2, 'objective': 'reg:squarederror', 'subsample': 0.8}",0.49903983254493767,0.07424133070417047,0.9841038330708092,0.0009726939228231284,median,train,customOR,iqr,6.5,80,True,0.01,True,0.8,False,True,test,robustscaler,xgb
13,0.5698486446191683,0.9863110115354643,"{'booster': 'gbtree', 'eta': 0.1, 'max_depth': 4, 'min_child_weight': 3, 'objective': 'reg:squarederror', 'subsample': 0.8}",0.4989410076247659,0.07856590942354362,0.9380937998238039,0.0023961945177387017,median,train,customOR,iqr,6.5,80,True,0.01,True,0.8,False,True,test,robustscaler,xgb
13,0.5698486446191683,0.9863110115354643,"{'booster': 'gbtree', 'eta': 0.08, 'max_depth': 4, 'min_child_weight': 1, 'objective': 'reg:squarederror', 'subsample': 0.8}",0.4987842175640109,0.07817980352423519,0.9197394581609462,0.0028045662031168732,median,train,customOR,iqr,6.5,80,True,0.01,True,0.8,False,True,test,robustscaler,xgb
14,0.5739218086404767,0.7751192390401009,"{'booster': 'gbtree', 'eta': 0.1, 'max_depth': 2, 'min_child_weight': 1, 'objective': 'reg:squarederror', 'subsample': 0.8}",0.48168519257617043,0.038429124251345786,0.7843902574055884,0.002906512719191891,median,train,customOR,iqr,6.5,80,True,0.01,True,0.8,False,False,train,robustscaler,xgb
14,0.5739218086404767,0.7751192390401009,"{'booster': 'gbtree', 'eta': 0.08, 'max_depth': 4, 'min_child_weight': 1, 'objective': 'reg:squarederror', 'subsample': 0.8}",0.4793781967063011,0.051605060767815555,0.9518993630772001,0.002117763542555365,median,train,customOR,iqr,6.5,80,True,0.01,True,0.8,False,False,train,robustscaler,xgb
14,0.5739218086404767,0.7751192390401009,"{'booster': 'gbtree', 'eta': 0.08, 'max_depth': 6, 'min_child_weight': 2, 'objective': 'reg:squarederror', 'subsample': 1.0}",0.4768750509400915,0.0778206127231442,0.9961841451276428,0.00034218928610984525,median,train,customOR,iqr,6.5,80,True,0.01,True,0.8,False,False,train,robustscaler,xgb
14,0.5739218086404767,0.7751192390401009,"{'booster': 'gbtree', 'eta': 0.1, 'max_depth': 2, 'min_child_weight': 1, 'objective': 'reg:squarederror', 'subsample': 0.9}",0.47665662342887527,0.050290313520142814,0.7854407155604312,0.003627651475662843,median,train,customOR,iqr,6.5,80,True,0.01,True,0.8,False,False,train,robustscaler,xgb
15,0.5739218086404767,0.7751192390401009,"{'booster': 'gbtree', 'eta': 0.1, 'max_depth': 2, 'min_child_weight': 1, 'objective': 'reg:squarederror', 'subsample': 0.8}",0.48168519257617043,0.038429124251345786,0.7843902574055884,0.002906512719191891,median,train,customOR,iqr,6.5,80,True,0.01,True,0.8,False,False,test,robustscaler,xgb
15,0.5739218086404767,0.7751192390401009,"{'booster': 'gbtree', 'eta': 0.08, 'max_depth': 4, 'min_child_weight': 1, 'objective': 'reg:squarederror', 'subsample': 0.8}",0.4793781967063011,0.051605060767815555,0.9518993630772001,0.002117763542555365,median,train,customOR,iqr,6.5,80,True,0.01,True,0.8,False,False,test,robustscaler,xgb
15,0.5739218086404767,0.7751192390401009,"{'booster': 'gbtree', 'eta': 0.08, 'max_depth': 6, 'min_child_weight': 2, 'objective': 'reg:squarederror', 'subsample': 1.0}",0.4768750509400915,0.0778206127231442,0.9961841451276428,0.00034218928610984525,median,train,customOR,iqr,6.5,80,True,0.01,True,0.8,False,False,test,robustscaler,xgb
15,0.5739218086404767,0.7751192390401009,"{'booster': 'gbtree', 'eta': 0.1, 'max_depth': 2, 'min_child_weight': 1, 'objective': 'reg:squarederror', 'subsample': 0.9}",0.47665662342887527,0.050290313520142814,0.7854407155604312,0.003627651475662843,median,train,customOR,iqr,6.5,80,True,0.01,True,0.8,False,False,test,robustscaler,xgb
16,0.5201157118087611,0.8936949902335596,"{'booster': 'gbtree', 'eta': 0.08, 'max_depth': 4, 'min_child_weight': 3, 'objective': 'reg:squarederror', 'subsample': 0.8}",0.5844736282049653,0.06099692077806603,0.8998809364298366,0.0035843087733482093,median,train,lof,iqr,6.5,100,True,0.01,True,0.8,True,True,train,robustscaler,xgb
16,0.5201157118087611,0.8936949902335596,"{'booster': 'gbtree', 'eta': 0.08, 'max_depth': 4, 'min_child_weight': 2, 'objective': 'reg:squarederror', 'subsample': 0.8}",0.5824745433959623,0.07522015028389051,0.9024263200900023,0.003956866311359324,median,train,lof,iqr,6.5,100,True,0.01,True,0.8,True,True,train,robustscaler,xgb
16,0.5201157118087611,0.8936949902335596,"{'booster': 'gbtree', 'eta': 0.1, 'max_depth': 4, 'min_child_weight': 3, 'objective': 'reg:squarederror', 'subsample': 0.9}",0.5789970596502646,0.05499626680821948,0.9240374248864305,0.002796733933480318,median,train,lof,iqr,6.5,100,True,0.01,True,0.8,True,True,train,robustscaler,xgb
16,0.5201157118087611,0.8936949902335596,"{'booster': 'gbtree', 'eta': 0.1, 'max_depth': 4, 'min_child_weight': 3, 'objective': 'reg:squarederror', 'subsample': 1.0}",0.5782641151847129,0.060283749006577986,0.9202986822144471,0.0030526845155369746,median,train,lof,iqr,6.5,100,True,0.01,True,0.8,True,True,train,robustscaler,xgb
17,0.5201157118087611,0.8936949902335596,"{'booster': 'gbtree', 'eta': 0.08, 'max_depth': 4, 'min_child_weight': 3, 'objective': 'reg:squarederror', 'subsample': 0.8}",0.5844736282049653,0.06099692077806603,0.8998809364298366,0.0035843087733482093,median,train,lof,iqr,6.5,100,True,0.01,True,0.8,True,True,test,robustscaler,xgb
17,0.5201157118087611,0.8936949902335596,"{'booster': 'gbtree', 'eta': 0.08, 'max_depth': 4, 'min_child_weight': 2, 'objective': 'reg:squarederror', 'subsample': 0.8}",0.5824745433959623,0.07522015028389051,0.9024263200900023,0.003956866311359324,median,train,lof,iqr,6.5,100,True,0.01,True,0.8,True,True,test,robustscaler,xgb
17,0.5201157118087611,0.8936949902335596,"{'booster': 'gbtree', 'eta': 0.1, 'max_depth': 4, 'min_child_weight': 3, 'objective': 'reg:squarederror', 'subsample': 0.9}",0.5789970596502646,0.05499626680821948,0.9240374248864305,0.002796733933480318,median,train,lof,iqr,6.5,100,True,0.01,True,0.8,True,True,test,robustscaler,xgb
17,0.5201157118087611,0.8936949902335596,"{'booster': 'gbtree', 'eta': 0.1, 'max_depth': 4, 'min_child_weight': 3, 'objective': 'reg:squarederror', 'subsample': 1.0}",0.5782641151847129,0.060283749006577986,0.9202986822144471,0.0030526845155369746,median,train,lof,iqr,6.5,100,True,0.01,True,0.8,True,True,test,robustscaler,xgb
18,0.5922454578741718,0.9910170448421458,"{'booster': 'gbtree', 'eta': 0.08, 'max_depth': 6, 'min_child_weight': 3, 'objective': 'reg:squarederror', 'subsample': 0.9}",0.579489488903626,0.07005576187951144,0.992414367612494,0.0007902857912103175,median,train,lof,iqr,6.5,100,True,0.01,True,0.8,True,False,train,robustscaler,xgb
18,0.5922454578741718,0.9910170448421458,"{'booster': 'gbtree', 'eta': 0.08, 'max_depth': 4, 'min_child_weight': 3, 'objective': 'reg:squarederror', 'subsample': 0.9}",0.5774188553593597,0.07037218361384123,0.9469729686150679,0.0026663148727538496,median,train,lof,iqr,6.5,100,True,0.01,True,0.8,True,False,train,robustscaler,xgb
18,0.5922454578741718,0.9910170448421458,"{'booster': 'gbtree', 'eta': 0.08, 'max_depth': 6, 'min_child_weight': 3, 'objective': 'reg:squarederror', 'subsample': 0.8}",0.5766401953124727,0.07068272661150135,0.9912988699499483,0.0009705712256531491,median,train,lof,iqr,6.5,100,True,0.01,True,0.8,True,False,train,robustscaler,xgb
18,0.5922454578741718,0.9910170448421458,"{'booster': 'gbtree', 'eta': 0.08, 'max_depth': 4, 'min_child_weight': 2, 'objective': 'reg:squarederror', 'subsample': 0.9}",0.5751954040285405,0.08304313944861108,0.9483902775825278,0.00221934131864104,median,train,lof,iqr,6.5,100,True,0.01,True,0.8,True,False,train,robustscaler,xgb
19,0.5922454578741718,0.9910170448421458,"{'booster': 'gbtree', 'eta': 0.08, 'max_depth': 6, 'min_child_weight': 3, 'objective': 'reg:squarederror', 'subsample': 0.9}",0.579489488903626,0.07005576187951144,0.992414367612494,0.0007902857912103175,median,train,lof,iqr,6.5,100,True,0.01,True,0.8,True,False,test,robustscaler,xgb
19,0.5922454578741718,0.9910170448421458,"{'booster': 'gbtree', 'eta': 0.08, 'max_depth': 4, 'min_child_weight': 3, 'objective': 'reg:squarederror', 'subsample': 0.9}",0.5774188553593597,0.07037218361384123,0.9469729686150679,0.0026663148727538496,median,train,lof,iqr,6.5,100,True,0.01,True,0.8,True,False,test,robustscaler,xgb
19,0.5922454578741718,0.9910170448421458,"{'booster': 'gbtree', 'eta': 0.08, 'max_depth': 6, 'min_child_weight': 3, 'objective': 'reg:squarederror', 'subsample': 0.8}",0.5766401953124727,0.07068272661150135,0.9912988699499483,0.0009705712256531491,median,train,lof,iqr,6.5,100,True,0.01,True,0.8,True,False,test,robustscaler,xgb
19,0.5922454578741718,0.9910170448421458,"{'booster': 'gbtree', 'eta': 0.08, 'max_depth': 4, 'min_child_weight': 2, 'objective': 'reg:squarederror', 'subsample': 0.9}",0.5751954040285405,0.08304313944861108,0.9483902775825278,0.00221934131864104,median,train,lof,iqr,6.5,100,True,0.01,True,0.8,True,False,test,robustscaler,xgb
20,0.5939988509677374,0.9808126826065153,"{'booster': 'gbtree', 'eta': 0.08, 'max_depth': 6, 'min_child_weight': 3, 'objective': 'reg:squarederror', 'subsample': 0.8}",0.6021698028293276,0.06980518980411987,0.9843736008463354,0.0010266886166303208,median,train,lof,iqr,6.5,100,True,0.01,True,0.8,False,True,train,robustscaler,xgb
20,0.5939988509677374,0.9808126826065153,"{'booster': 'gbtree', 'eta': 0.08, 'max_depth': 4, 'min_child_weight': 3, 'objective': 'reg:squarederror', 'subsample': 0.9}",0.5992021594641052,0.07307196363342827,0.9254195506621274,0.003587888409607607,median,train,lof,iqr,6.5,100,True,0.01,True,0.8,False,True,train,robustscaler,xgb
20,0.5939988509677374,0.9808126826065153,"{'booster': 'gbtree', 'eta': 0.1, 'max_depth': 4, 'min_child_weight': 3, 'objective': 'reg:squarederror', 'subsample': 0.9}",0.5980597421770294,0.06440607052010403,0.9463900049961674,0.002109555733246818,median,train,lof,iqr,6.5,100,True,0.01,True,0.8,False,True,train,robustscaler,xgb
20,0.5939988509677374,0.9808126826065153,"{'booster': 'gbtree', 'eta': 0.08, 'max_depth': 4, 'min_child_weight': 3, 'objective': 'reg:squarederror', 'subsample': 0.8}",0.5961991871777468,0.08108295622876072,0.9244307780899824,0.0037334151165196103,median,train,lof,iqr,6.5,100,True,0.01,True,0.8,False,True,train,robustscaler,xgb
21,0.5939988509677374,0.9808126826065153,"{'booster': 'gbtree', 'eta': 0.08, 'max_depth': 6, 'min_child_weight': 3, 'objective': 'reg:squarederror', 'subsample': 0.8}",0.6021698028293276,0.06980518980411987,0.9843736008463354,0.0010266886166303208,median,train,lof,iqr,6.5,100,True,0.01,True,0.8,False,True,test,robustscaler,xgb
21,0.5939988509677374,0.9808126826065153,"{'booster': 'gbtree', 'eta': 0.08, 'max_depth': 4, 'min_child_weight': 3, 'objective': 'reg:squarederror', 'subsample': 0.9}",0.5992021594641052,0.07307196363342827,0.9254195506621274,0.003587888409607607,median,train,lof,iqr,6.5,100,True,0.01,True,0.8,False,True,test,robustscaler,xgb
21,0.5939988509677374,0.9808126826065153,"{'booster': 'gbtree', 'eta': 0.1, 'max_depth': 4, 'min_child_weight': 3, 'objective': 'reg:squarederror', 'subsample': 0.9}",0.5980597421770294,0.06440607052010403,0.9463900049961674,0.002109555733246818,median,train,lof,iqr,6.5,100,True,0.01,True,0.8,False,True,test,robustscaler,xgb
21,0.5939988509677374,0.9808126826065153,"{'booster': 'gbtree', 'eta': 0.08, 'max_depth': 4, 'min_child_weight': 3, 'objective': 'reg:squarederror', 'subsample': 0.8}",0.5961991871777468,0.08108295622876072,0.9244307780899824,0.0037334151165196103,median,train,lof,iqr,6.5,100,True,0.01,True,0.8,False,True,test,robustscaler,xgb
22,0.5508267243432567,0.9450031664363248,"{'booster': 'gbtree', 'eta': 0.08, 'max_depth': 4, 'min_child_weight': 2, 'objective': 'reg:squarederror', 'subsample': 0.8}",0.5780600993858084,0.06049405743979846,0.9565221652274118,0.001987073741755433,median,train,lof,iqr,6.5,100,True,0.01,True,0.8,False,False,train,robustscaler,xgb
22,0.5508267243432567,0.9450031664363248,"{'booster': 'gbtree', 'eta': 0.08, 'max_depth': 4, 'min_child_weight': 1, 'objective': 'reg:squarederror', 'subsample': 0.8}",0.5780210959783074,0.08405818956672252,0.9572992565054348,0.0026186729896771448,median,train,lof,iqr,6.5,100,True,0.01,True,0.8,False,False,train,robustscaler,xgb
22,0.5508267243432567,0.9450031664363248,"{'booster': 'gbtree', 'eta': 0.08, 'max_depth': 4, 'min_child_weight': 3, 'objective': 'reg:squarederror', 'subsample': 0.9}",0.5717859638869709,0.0869848429277121,0.9575345990368133,0.001508329345472298,median,train,lof,iqr,6.5,100,True,0.01,True,0.8,False,False,train,robustscaler,xgb
22,0.5508267243432567,0.9450031664363248,"{'booster': 'gbtree', 'eta': 0.08, 'max_depth': 6, 'min_child_weight': 2, 'objective': 'reg:squarederror', 'subsample': 0.8}",0.5696230162520488,0.07733410730823487,0.9940941008394413,0.0005397618082291419,median,train,lof,iqr,6.5,100,True,0.01,True,0.8,False,False,train,robustscaler,xgb
23,0.5508267243432567,0.9450031664363248,"{'booster': 'gbtree', 'eta': 0.08, 'max_depth': 4, 'min_child_weight': 2, 'objective': 'reg:squarederror', 'subsample': 0.8}",0.5780600993858084,0.06049405743979846,0.9565221652274118,0.001987073741755433,median,train,lof,iqr,6.5,100,True,0.01,True,0.8,False,False,test,robustscaler,xgb
23,0.5508267243432567,0.9450031664363248,"{'booster': 'gbtree', 'eta': 0.08, 'max_depth': 4, 'min_child_weight': 1, 'objective': 'reg:squarederror', 'subsample': 0.8}",0.5780210959783074,0.08405818956672252,0.9572992565054348,0.0026186729896771448,median,train,lof,iqr,6.5,100,True,0.01,True,0.8,False,False,test,robustscaler,xgb
23,0.5508267243432567,0.9450031664363248,"{'booster': 'gbtree', 'eta': 0.08, 'max_depth': 4, 'min_child_weight': 3, 'objective': 'reg:squarederror', 'subsample': 0.9}",0.5717859638869709,0.0869848429277121,0.9575345990368133,0.001508329345472298,median,train,lof,iqr,6.5,100,True,0.01,True,0.8,False,False,test,robustscaler,xgb
23,0.5508267243432567,0.9450031664363248,"{'booster': 'gbtree', 'eta': 0.08, 'max_depth': 6, 'min_child_weight': 2, 'objective': 'reg:squarederror', 'subsample': 0.8}",0.5696230162520488,0.07733410730823487,0.9940941008394413,0.0005397618082291419,median,train,lof,iqr,6.5,100,True,0.01,True,0.8,False,False,test,robustscaler,xgb
24,0.5474845174551972,0.9595856875421548,"{'booster': 'gbtree', 'eta': 0.08, 'max_depth': 6, 'min_child_weight': 2, 'objective': 'reg:squarederror', 'subsample': 0.8}",0.5741421437278251,0.0919489556647621,0.9688627039432738,0.0021748506941328704,median,train,lof,iqr,6.5,80,True,0.01,True,0.8,True,True,train,robustscaler,xgb
24,0.5474845174551972,0.9595856875421548,"{'booster': 'gbtree', 'eta': 0.08, 'max_depth': 4, 'min_child_weight': 2, 'objective': 'reg:squarederror', 'subsample': 0.8}",0.5716688192555869,0.07544773418084333,0.8858112503712414,0.004190622655147363,median,train,lof,iqr,6.5,80,True,0.01,True,0.8,True,True,train,robustscaler,xgb
24,0.5474845174551972,0.9595856875421548,"{'booster': 'gbtree', 'eta': 0.08, 'max_depth': 6, 'min_child_weight': 1, 'objective': 'reg:squarederror', 'subsample': 0.8}",0.5707187893455727,0.08179606642401202,0.970067483860958,0.0022492724448812964,median,train,lof,iqr,6.5,80,True,0.01,True,0.8,True,True,train,robustscaler,xgb
24,0.5474845174551972,0.9595856875421548,"{'booster': 'gbtree', 'eta': 0.08, 'max_depth': 6, 'min_child_weight': 3, 'objective': 'reg:squarederror', 'subsample': 0.9}",0.5688507512294804,0.07380487456482697,0.9653107607657159,0.0025225019609019564,median,train,lof,iqr,6.5,80,True,0.01,True,0.8,True,True,train,robustscaler,xgb
25,0.5474845174551972,0.9595856875421548,"{'booster': 'gbtree', 'eta': 0.08, 'max_depth': 6, 'min_child_weight': 2, 'objective': 'reg:squarederror', 'subsample': 0.8}",0.5741421437278251,0.0919489556647621,0.9688627039432738,0.0021748506941328704,median,train,lof,iqr,6.5,80,True,0.01,True,0.8,True,True,test,robustscaler,xgb
25,0.5474845174551972,0.9595856875421548,"{'booster': 'gbtree', 'eta': 0.08, 'max_depth': 4, 'min_child_weight': 2, 'objective': 'reg:squarederror', 'subsample': 0.8}",0.5716688192555869,0.07544773418084333,0.8858112503712414,0.004190622655147363,median,train,lof,iqr,6.5,80,True,0.01,True,0.8,True,True,test,robustscaler,xgb
25,0.5474845174551972,0.9595856875421548,"{'booster': 'gbtree', 'eta': 0.08, 'max_depth': 6, 'min_child_weight': 1, 'objective': 'reg:squarederror', 'subsample': 0.8}",0.5707187893455727,0.08179606642401202,0.970067483860958,0.0022492724448812964,median,train,lof,iqr,6.5,80,True,0.01,True,0.8,True,True,test,robustscaler,xgb
25,0.5474845174551972,0.9595856875421548,"{'booster': 'gbtree', 'eta': 0.08, 'max_depth': 6, 'min_child_weight': 3, 'objective': 'reg:squarederror', 'subsample': 0.9}",0.5688507512294804,0.07380487456482697,0.9653107607657159,0.0025225019609019564,median,train,lof,iqr,6.5,80,True,0.01,True,0.8,True,True,test,robustscaler,xgb
26,0.5922454578741718,0.9910170448421458,"{'booster': 'gbtree', 'eta': 0.08, 'max_depth': 6, 'min_child_weight': 3, 'objective': 'reg:squarederror', 'subsample': 0.9}",0.579489488903626,0.07005576187951144,0.992414367612494,0.0007902857912103175,median,train,lof,iqr,6.5,80,True,0.01,True,0.8,True,False,train,robustscaler,xgb
26,0.5922454578741718,0.9910170448421458,"{'booster': 'gbtree', 'eta': 0.08, 'max_depth': 4, 'min_child_weight': 3, 'objective': 'reg:squarederror', 'subsample': 0.9}",0.5774188553593597,0.07037218361384123,0.9469729686150679,0.0026663148727538496,median,train,lof,iqr,6.5,80,True,0.01,True,0.8,True,False,train,robustscaler,xgb
26,0.5922454578741718,0.9910170448421458,"{'booster': 'gbtree', 'eta': 0.08, 'max_depth': 6, 'min_child_weight': 3, 'objective': 'reg:squarederror', 'subsample': 0.8}",0.5766401953124727,0.07068272661150135,0.9912988699499483,0.0009705712256531491,median,train,lof,iqr,6.5,80,True,0.01,True,0.8,True,False,train,robustscaler,xgb
26,0.5922454578741718,0.9910170448421458,"{'booster': 'gbtree', 'eta': 0.08, 'max_depth': 4, 'min_child_weight': 2, 'objective': 'reg:squarederror', 'subsample': 0.9}",0.5751954040285405,0.08304313944861108,0.9483902775825278,0.00221934131864104,median,train,lof,iqr,6.5,80,True,0.01,True,0.8,True,False,train,robustscaler,xgb
27,0.5922454578741718,0.9910170448421458,"{'booster': 'gbtree', 'eta': 0.08, 'max_depth': 6, 'min_child_weight': 3, 'objective': 'reg:squarederror', 'subsample': 0.9}",0.579489488903626,0.07005576187951144,0.992414367612494,0.0007902857912103175,median,train,lof,iqr,6.5,80,True,0.01,True,0.8,True,False,test,robustscaler,xgb
27,0.5922454578741718,0.9910170448421458,"{'booster': 'gbtree', 'eta': 0.08, 'max_depth': 4, 'min_child_weight': 3, 'objective': 'reg:squarederror', 'subsample': 0.9}",0.5774188553593597,0.07037218361384123,0.9469729686150679,0.0026663148727538496,median,train,lof,iqr,6.5,80,True,0.01,True,0.8,True,False,test,robustscaler,xgb
27,0.5922454578741718,0.9910170448421458,"{'booster': 'gbtree', 'eta': 0.08, 'max_depth': 6, 'min_child_weight': 3, 'objective': 'reg:squarederror', 'subsample': 0.8}",0.5766401953124727,0.07068272661150135,0.9912988699499483,0.0009705712256531491,median,train,lof,iqr,6.5,80,True,0.01,True,0.8,True,False,test,robustscaler,xgb
27,0.5922454578741718,0.9910170448421458,"{'booster': 'gbtree', 'eta': 0.08, 'max_depth': 4, 'min_child_weight': 2, 'objective': 'reg:squarederror', 'subsample': 0.9}",0.5751954040285405,0.08304313944861108,0.9483902775825278,0.00221934131864104,median,train,lof,iqr,6.5,80,True,0.01,True,0.8,True,False,test,robustscaler,xgb
28,0.6145023443967877,0.9765625102276045,"{'booster': 'gbtree', 'eta': 0.08, 'max_depth': 6, 'min_child_weight': 3, 'objective': 'reg:squarederror', 'subsample': 0.8}",0.6014478420368705,0.08459788952005863,0.9822432577197138,0.0017736370029594192,median,train,lof,iqr,6.5,80,True,0.01,True,0.8,False,True,train,robustscaler,xgb
28,0.6145023443967877,0.9765625102276045,"{'booster': 'gbtree', 'eta': 0.08, 'max_depth': 6, 'min_child_weight': 2, 'objective': 'reg:squarederror', 'subsample': 0.8}",0.6013840158591319,0.08102918928401805,0.9833659897553101,0.0017120673828608934,median,train,lof,iqr,6.5,80,True,0.01,True,0.8,False,True,train,robustscaler,xgb
28,0.6145023443967877,0.9765625102276045,"{'booster': 'gbtree', 'eta': 0.1, 'max_depth': 4, 'min_child_weight': 1, 'objective': 'reg:squarederror', 'subsample': 0.9}",0.5997485606375583,0.07617314050554731,0.944366657312379,0.002036759300617043,median,train,lof,iqr,6.5,80,True,0.01,True,0.8,False,True,train,robustscaler,xgb
28,0.6145023443967877,0.9765625102276045,"{'booster': 'gbtree', 'eta': 0.1, 'max_depth': 4, 'min_child_weight': 3, 'objective': 'reg:squarederror', 'subsample': 0.9}",0.5988618617213363,0.07977449609864716,0.9408455275579378,0.0017908357797971927,median,train,lof,iqr,6.5,80,True,0.01,True,0.8,False,True,train,robustscaler,xgb
29,0.6145023443967877,0.9765625102276045,"{'booster': 'gbtree', 'eta': 0.08, 'max_depth': 6, 'min_child_weight': 3, 'objective': 'reg:squarederror', 'subsample': 0.8}",0.6014478420368705,0.08459788952005863,0.9822432577197138,0.0017736370029594192,median,train,lof,iqr,6.5,80,True,0.01,True,0.8,False,True,test,robustscaler,xgb
29,0.6145023443967877,0.9765625102276045,"{'booster': 'gbtree', 'eta': 0.08, 'max_depth': 6, 'min_child_weight': 2, 'objective': 'reg:squarederror', 'subsample': 0.8}",0.6013840158591319,0.08102918928401805,0.9833659897553101,0.0017120673828608934,median,train,lof,iqr,6.5,80,True,0.01,True,0.8,False,True,test,robustscaler,xgb
29,0.6145023443967877,0.9765625102276045,"{'booster': 'gbtree', 'eta': 0.1, 'max_depth': 4, 'min_child_weight': 1, 'objective': 'reg:squarederror', 'subsample': 0.9}",0.5997485606375583,0.07617314050554731,0.944366657312379,0.002036759300617043,median,train,lof,iqr,6.5,80,True,0.01,True,0.8,False,True,test,robustscaler,xgb
29,0.6145023443967877,0.9765625102276045,"{'booster': 'gbtree', 'eta': 0.1, 'max_depth': 4, 'min_child_weight': 3, 'objective': 'reg:squarederror', 'subsample': 0.9}",0.5988618617213363,0.07977449609864716,0.9408455275579378,0.0017908357797971927,median,train,lof,iqr,6.5,80,True,0.01,True,0.8,False,True,test,robustscaler,xgb
30,0.5508267243432567,0.9450031664363248,"{'booster': 'gbtree', 'eta': 0.08, 'max_depth': 4, 'min_child_weight': 2, 'objective': 'reg:squarederror', 'subsample': 0.8}",0.5780600993858084,0.06049405743979846,0.9565221652274118,0.001987073741755433,median,train,lof,iqr,6.5,80,True,0.01,True,0.8,False,False,train,robustscaler,xgb
30,0.5508267243432567,0.9450031664363248,"{'booster': 'gbtree', 'eta': 0.08, 'max_depth': 4, 'min_child_weight': 1, 'objective': 'reg:squarederror', 'subsample': 0.8}",0.5780210959783074,0.08405818956672252,0.9572992565054348,0.0026186729896771448,median,train,lof,iqr,6.5,80,True,0.01,True,0.8,False,False,train,robustscaler,xgb
30,0.5508267243432567,0.9450031664363248,"{'booster': 'gbtree', 'eta': 0.08, 'max_depth': 4, 'min_child_weight': 3, 'objective': 'reg:squarederror', 'subsample': 0.9}",0.5717859638869709,0.0869848429277121,0.9575345990368133,0.001508329345472298,median,train,lof,iqr,6.5,80,True,0.01,True,0.8,False,False,train,robustscaler,xgb
30,0.5508267243432567,0.9450031664363248,"{'booster': 'gbtree', 'eta': 0.08, 'max_depth': 6, 'min_child_weight': 2, 'objective': 'reg:squarederror', 'subsample': 0.8}",0.5696230162520488,0.07733410730823487,0.9940941008394413,0.0005397618082291419,median,train,lof,iqr,6.5,80,True,0.01,True,0.8,False,False,train,robustscaler,xgb
31,0.5508267243432567,0.9450031664363248,"{'booster': 'gbtree', 'eta': 0.08, 'max_depth': 4, 'min_child_weight': 2, 'objective': 'reg:squarederror', 'subsample': 0.8}",0.5780600993858084,0.06049405743979846,0.9565221652274118,0.001987073741755433,median,train,lof,iqr,6.5,80,True,0.01,True,0.8,False,False,test,robustscaler,xgb
31,0.5508267243432567,0.9450031664363248,"{'booster': 'gbtree', 'eta': 0.08, 'max_depth': 4, 'min_child_weight': 1, 'objective': 'reg:squarederror', 'subsample': 0.8}",0.5780210959783074,0.08405818956672252,0.9572992565054348,0.0026186729896771448,median,train,lof,iqr,6.5,80,True,0.01,True,0.8,False,False,test,robustscaler,xgb
31,0.5508267243432567,0.9450031664363248,"{'booster': 'gbtree', 'eta': 0.08, 'max_depth': 4, 'min_child_weight': 3, 'objective': 'reg:squarederror', 'subsample': 0.9}",0.5717859638869709,0.0869848429277121,0.9575345990368133,0.001508329345472298,median,train,lof,iqr,6.5,80,True,0.01,True,0.8,False,False,test,robustscaler,xgb
31,0.5508267243432567,0.9450031664363248,"{'booster': 'gbtree', 'eta': 0.08, 'max_depth': 6, 'min_child_weight': 2, 'objective': 'reg:squarederror', 'subsample': 0.8}",0.5696230162520488,0.07733410730823487,0.9940941008394413,0.0005397618082291419,median,train,lof,iqr,6.5,80,True,0.01,True,0.8,False,False,test,robustscaler,xgb
32,0.5397854600504692,0.881176290765147,"{'booster': 'gbtree', 'eta': 0.08, 'max_depth': 4, 'min_child_weight': 2, 'objective': 'reg:squarederror', 'subsample': 0.9}",0.44043244860052255,0.05790422071161524,0.8887464633948079,0.004512454944463389,median,test,customOR,iqr,6.5,100,True,0.01,True,0.8,True,True,train,robustscaler,xgb
32,0.5397854600504692,0.881176290765147,"{'booster': 'gbtree', 'eta': 0.08, 'max_depth': 6, 'min_child_weight': 2, 'objective': 'reg:squarederror', 'subsample': 0.9}",0.4362944169445533,0.04963009962651443,0.9753099761707892,0.0016472777881196997,median,test,customOR,iqr,6.5,100,True,0.01,True,0.8,True,True,train,robustscaler,xgb
32,0.5397854600504692,0.881176290765147,"{'booster': 'gbtree', 'eta': 0.08, 'max_depth': 4, 'min_child_weight': 3, 'objective': 'reg:squarederror', 'subsample': 1.0}",0.4315248820772286,0.07337111443147537,0.8816089215463239,0.004550247026745869,median,test,customOR,iqr,6.5,100,True,0.01,True,0.8,True,True,train,robustscaler,xgb
32,0.5397854600504692,0.881176290765147,"{'booster': 'gbtree', 'eta': 0.08, 'max_depth': 6, 'min_child_weight': 1, 'objective': 'reg:squarederror', 'subsample': 0.9}",0.4307627750864915,0.058077793354269124,0.9767678347655563,0.001659607751793499,median,test,customOR,iqr,6.5,100,True,0.01,True,0.8,True,True,train,robustscaler,xgb
33,0.5397854600504692,0.881176290765147,"{'booster': 'gbtree', 'eta': 0.08, 'max_depth': 4, 'min_child_weight': 2, 'objective': 'reg:squarederror', 'subsample': 0.9}",0.44043244860052255,0.05790422071161524,0.8887464633948079,0.004512454944463389,median,test,customOR,iqr,6.5,100,True,0.01,True,0.8,True,True,test,robustscaler,xgb
33,0.5397854600504692,0.881176290765147,"{'booster': 'gbtree', 'eta': 0.08, 'max_depth': 6, 'min_child_weight': 2, 'objective': 'reg:squarederror', 'subsample': 0.9}",0.4362944169445533,0.04963009962651443,0.9753099761707892,0.0016472777881196997,median,test,customOR,iqr,6.5,100,True,0.01,True,0.8,True,True,test,robustscaler,xgb
33,0.5397854600504692,0.881176290765147,"{'booster': 'gbtree', 'eta': 0.08, 'max_depth': 4, 'min_child_weight': 3, 'objective': 'reg:squarederror', 'subsample': 1.0}",0.4315248820772286,0.07337111443147537,0.8816089215463239,0.004550247026745869,median,test,customOR,iqr,6.5,100,True,0.01,True,0.8,True,True,test,robustscaler,xgb
33,0.5397854600504692,0.881176290765147,"{'booster': 'gbtree', 'eta': 0.08, 'max_depth': 6, 'min_child_weight': 1, 'objective': 'reg:squarederror', 'subsample': 0.9}",0.4307627750864915,0.058077793354269124,0.9767678347655563,0.001659607751793499,median,test,customOR,iqr,6.5,100,True,0.01,True,0.8,True,True,test,robustscaler,xgb
34,0.43352625875035444,0.9963058271289575,"{'booster': 'gbtree', 'eta': 0.1, 'max_depth': 6, 'min_child_weight': 2, 'objective': 'reg:squarederror', 'subsample': 0.9}",0.4755542167099282,0.08896699450929989,0.9970773084554618,0.0003701182478687693,median,test,customOR,iqr,6.5,100,True,0.01,True,0.8,True,False,train,robustscaler,xgb
34,0.43352625875035444,0.9963058271289575,"{'booster': 'gbtree', 'eta': 0.08, 'max_depth': 6, 'min_child_weight': 2, 'objective': 'reg:squarederror', 'subsample': 0.9}",0.46941466146622995,0.06702448865877277,0.9930924090610951,0.0007698026873003797,median,test,customOR,iqr,6.5,100,True,0.01,True,0.8,True,False,train,robustscaler,xgb
34,0.43352625875035444,0.9963058271289575,"{'booster': 'gbtree', 'eta': 0.1, 'max_depth': 4, 'min_child_weight': 1, 'objective': 'reg:squarederror', 'subsample': 0.9}",0.4690726833050352,0.0843463283399615,0.9641650233267984,0.00134828664818194,median,test,customOR,iqr,6.5,100,True,0.01,True,0.8,True,False,train,robustscaler,xgb
34,0.43352625875035444,0.9963058271289575,"{'booster': 'gbtree', 'eta': 0.08, 'max_depth': 4, 'min_child_weight': 1, 'objective': 'reg:squarederror', 'subsample': 0.9}",0.46856468416229174,0.07025680993058063,0.9449227487754406,0.001228461644743786,median,test,customOR,iqr,6.5,100,True,0.01,True,0.8,True,False,train,robustscaler,xgb
35,0.43352625875035444,0.9963058271289575,"{'booster': 'gbtree', 'eta': 0.1, 'max_depth': 6, 'min_child_weight': 2, 'objective': 'reg:squarederror', 'subsample': 0.9}",0.4755542167099282,0.08896699450929989,0.9970773084554618,0.0003701182478687693,median,test,customOR,iqr,6.5,100,True,0.01,True,0.8,True,False,test,robustscaler,xgb
35,0.43352625875035444,0.9963058271289575,"{'booster': 'gbtree', 'eta': 0.08, 'max_depth': 6, 'min_child_weight': 2, 'objective': 'reg:squarederror', 'subsample': 0.9}",0.46941479037229755,0.06702463698721416,0.9930924238364153,0.0007698037942703813,median,test,customOR,iqr,6.5,100,True,0.01,True,0.8,True,False,test,robustscaler,xgb
35,0.43352625875035444,0.9963058271289575,"{'booster': 'gbtree', 'eta': 0.1, 'max_depth': 4, 'min_child_weight': 1, 'objective': 'reg:squarederror', 'subsample': 0.9}",0.4690726833050352,0.0843463283399615,0.9641650233267984,0.00134828664818194,median,test,customOR,iqr,6.5,100,True,0.01,True,0.8,True,False,test,robustscaler,xgb
35,0.43352625875035444,0.9963058271289575,"{'booster': 'gbtree', 'eta': 0.08, 'max_depth': 4, 'min_child_weight': 1, 'objective': 'reg:squarederror', 'subsample': 0.9}",0.46856468416229174,0.07025680993058063,0.9449227487754406,0.001228461644743786,median,test,customOR,iqr,6.5,100,True,0.01,True,0.8,True,False,test,robustscaler,xgb
36,0.5490240720291384,0.9114097250163768,"{'booster': 'gbtree', 'eta': 0.08, 'max_depth': 4, 'min_child_weight': 2, 'objective': 'reg:squarederror', 'subsample': 0.8}",0.48239953339867475,0.08363772238091179,0.9201676183246,0.001737267732984639,median,test,customOR,iqr,6.5,100,True,0.01,True,0.8,False,True,train,robustscaler,xgb
36,0.5490240720291384,0.9114097250163768,"{'booster': 'gbtree', 'eta': 0.1, 'max_depth': 4, 'min_child_weight': 2, 'objective': 'reg:squarederror', 'subsample': 1.0}",0.48077841055528286,0.07052013207315037,0.9442143551740958,0.003149297636348142,median,test,customOR,iqr,6.5,100,True,0.01,True,0.8,False,True,train,robustscaler,xgb
36,0.5490240720291384,0.9114097250163768,"{'booster': 'gbtree', 'eta': 0.08, 'max_depth': 6, 'min_child_weight': 3, 'objective': 'reg:squarederror', 'subsample': 0.8}",0.47611647930922485,0.06815067262367586,0.9816352776977505,0.0011235165481980594,median,test,customOR,iqr,6.5,100,True,0.01,True,0.8,False,True,train,robustscaler,xgb
36,0.5490240720291384,0.9114097250163768,"{'booster': 'gbtree', 'eta': 0.08, 'max_depth': 4, 'min_child_weight': 1, 'objective': 'reg:squarederror', 'subsample': 0.9}",0.47298295868378426,0.07424912120797081,0.9246051840098565,0.003331414761172577,median,test,customOR,iqr,6.5,100,True,0.01,True,0.8,False,True,train,robustscaler,xgb
37,0.5490240720291384,0.9114097250163768,"{'booster': 'gbtree', 'eta': 0.08, 'max_depth': 4, 'min_child_weight': 2, 'objective': 'reg:squarederror', 'subsample': 0.8}",0.48239953339867475,0.08363772238091179,0.9201676183246,0.001737267732984639,median,test,customOR,iqr,6.5,100,True,0.01,True,0.8,False,True,test,robustscaler,xgb
37,0.5490240720291384,0.9114097250163768,"{'booster': 'gbtree', 'eta': 0.1, 'max_depth': 4, 'min_child_weight': 2, 'objective': 'reg:squarederror', 'subsample': 1.0}",0.48077841055528286,0.07052013207315037,0.9442143551740958,0.003149297636348142,median,test,customOR,iqr,6.5,100,True,0.01,True,0.8,False,True,test,robustscaler,xgb
37,0.5490240720291384,0.9114097250163768,"{'booster': 'gbtree', 'eta': 0.08, 'max_depth': 6, 'min_child_weight': 3, 'objective': 'reg:squarederror', 'subsample': 0.8}",0.47611647930922485,0.06815067262367586,0.9816352776977505,0.0011235165481980594,median,test,customOR,iqr,6.5,100,True,0.01,True,0.8,False,True,test,robustscaler,xgb
37,0.5490240720291384,0.9114097250163768,"{'booster': 'gbtree', 'eta': 0.08, 'max_depth': 4, 'min_child_weight': 1, 'objective': 'reg:squarederror', 'subsample': 0.9}",0.47298295868378426,0.07424912120797081,0.9246051840098565,0.003331414761172577,median,test,customOR,iqr,6.5,100,True,0.01,True,0.8,False,True,test,robustscaler,xgb
38,0.5115721737119729,0.9471638291621839,"{'booster': 'gbtree', 'eta': 0.08, 'max_depth': 4, 'min_child_weight': 1, 'objective': 'reg:squarederror', 'subsample': 0.9}",0.47688854629803695,0.0563756707608568,0.95601389851278,0.002271991937283748,median,test,customOR,iqr,6.5,100,True,0.01,True,0.8,False,False,train,robustscaler,xgb
38,0.5115721737119729,0.9471638291621839,"{'booster': 'gbtree', 'eta': 0.1, 'max_depth': 6, 'min_child_weight': 2, 'objective': 'reg:squarederror', 'subsample': 1.0}",0.4759500632266069,0.055386771616282575,0.9983923892367195,0.00021605229301981484,median,test,customOR,iqr,6.5,100,True,0.01,True,0.8,False,False,train,robustscaler,xgb
38,0.5115721737119729,0.9471638291621839,"{'booster': 'gbtree', 'eta': 0.1, 'max_depth': 2, 'min_child_weight': 1, 'objective': 'reg:squarederror', 'subsample': 0.9}",0.471692811405488,0.05134222108668821,0.7855069379880335,0.003487823911097895,median,test,customOR,iqr,6.5,100,True,0.01,True,0.8,False,False,train,robustscaler,xgb
38,0.5115721737119729,0.9471638291621839,"{'booster': 'gbtree', 'eta': 0.08, 'max_depth': 2, 'min_child_weight': 2, 'objective': 'reg:squarederror', 'subsample': 0.9}",0.4713149151334541,0.0509215559057688,0.7470689737547996,0.002064836666893274,median,test,customOR,iqr,6.5,100,True,0.01,True,0.8,False,False,train,robustscaler,xgb
39,0.5115721737119729,0.9471638291621839,"{'booster': 'gbtree', 'eta': 0.08, 'max_depth': 4, 'min_child_weight': 1, 'objective': 'reg:squarederror', 'subsample': 0.9}",0.47688854629803695,0.0563756707608568,0.95601389851278,0.002271991937283748,median,test,customOR,iqr,6.5,100,True,0.01,True,0.8,False,False,test,robustscaler,xgb
39,0.5115721737119729,0.9471638291621839,"{'booster': 'gbtree', 'eta': 0.1, 'max_depth': 6, 'min_child_weight': 2, 'objective': 'reg:squarederror', 'subsample': 1.0}",0.4759500632266069,0.055386771616282575,0.9983923892367195,0.00021605229301981484,median,test,customOR,iqr,6.5,100,True,0.01,True,0.8,False,False,test,robustscaler,xgb
39,0.5115721737119729,0.9471638291621839,"{'booster': 'gbtree', 'eta': 0.1, 'max_depth': 2, 'min_child_weight': 1, 'objective': 'reg:squarederror', 'subsample': 0.9}",0.471692811405488,0.05134222108668821,0.7855069379880335,0.003487823911097895,median,test,customOR,iqr,6.5,100,True,0.01,True,0.8,False,False,test,robustscaler,xgb
39,0.5115721737119729,0.9471638291621839,"{'booster': 'gbtree', 'eta': 0.08, 'max_depth': 2, 'min_child_weight': 2, 'objective': 'reg:squarederror', 'subsample': 0.9}",0.4713149151334541,0.0509215559057688,0.7470689737547996,0.002064836666893274,median,test,customOR,iqr,6.5,100,True,0.01,True,0.8,False,False,test,robustscaler,xgb
40,0.45234706045997797,0.9881362204576449,"{'booster': 'gbtree', 'eta': 0.1, 'max_depth': 6, 'min_child_weight': 1, 'objective': 'reg:squarederror', 'subsample': 0.9}",0.4712047024739293,0.06752333149811195,0.9889475738015582,0.001092285926854502,median,test,customOR,iqr,6.5,80,True,0.01,True,0.8,True,True,train,robustscaler,xgb
40,0.45234706045997797,0.9881362204576449,"{'booster': 'gbtree', 'eta': 0.08, 'max_depth': 6, 'min_child_weight': 3, 'objective': 'reg:squarederror', 'subsample': 0.9}",0.4692706206758718,0.07474013927197846,0.9732004878136602,0.0019674309259022373,median,test,customOR,iqr,6.5,80,True,0.01,True,0.8,True,True,train,robustscaler,xgb
40,0.45234706045997797,0.9881362204576449,"{'booster': 'gbtree', 'eta': 0.08, 'max_depth': 6, 'min_child_weight': 1, 'objective': 'reg:squarederror', 'subsample': 0.9}",0.46903227797342195,0.0627253399572402,0.9797003812687404,0.0014864561919626488,median,test,customOR,iqr,6.5,80,True,0.01,True,0.8,True,True,train,robustscaler,xgb
40,0.45234706045997797,0.9881362204576449,"{'booster': 'gbtree', 'eta': 0.08, 'max_depth': 6, 'min_child_weight': 2, 'objective': 'reg:squarederror', 'subsample': 1.0}",0.46451407504815023,0.06219515737646275,0.9770621966509759,0.003172641231553331,median,test,customOR,iqr,6.5,80,True,0.01,True,0.8,True,True,train,robustscaler,xgb
41,0.45234706045997797,0.9881362204576449,"{'booster': 'gbtree', 'eta': 0.1, 'max_depth': 6, 'min_child_weight': 1, 'objective': 'reg:squarederror', 'subsample': 0.9}",0.4712047024739293,0.06752333149811195,0.9889475738015582,0.001092285926854502,median,test,customOR,iqr,6.5,80,True,0.01,True,0.8,True,True,test,robustscaler,xgb
41,0.45234706045997797,0.9881362204576449,"{'booster': 'gbtree', 'eta': 0.08, 'max_depth': 6, 'min_child_weight': 3, 'objective': 'reg:squarederror', 'subsample': 0.9}",0.4692706206758718,0.07474013927197846,0.9732004878136602,0.0019674309259022373,median,test,customOR,iqr,6.5,80,True,0.01,True,0.8,True,True,test,robustscaler,xgb
41,0.45234706045997797,0.9881362204576449,"{'booster': 'gbtree', 'eta': 0.08, 'max_depth': 6, 'min_child_weight': 1, 'objective': 'reg:squarederror', 'subsample': 0.9}",0.46903227797342195,0.0627253399572402,0.9797003812687404,0.0014864561919626488,median,test,customOR,iqr,6.5,80,True,0.01,True,0.8,True,True,test,robustscaler,xgb
41,0.45234706045997797,0.9881362204576449,"{'booster': 'gbtree', 'eta': 0.08, 'max_depth': 6, 'min_child_weight': 2, 'objective': 'reg:squarederror', 'subsample': 1.0}",0.46451407504815023,0.06219515737646275,0.9770621966509759,0.003172641231553331,median,test,customOR,iqr,6.5,80,True,0.01,True,0.8,True,True,test,robustscaler,xgb
42,0.43352625875035444,0.9963058271289575,"{'booster': 'gbtree', 'eta': 0.1, 'max_depth': 6, 'min_child_weight': 2, 'objective': 'reg:squarederror', 'subsample': 0.9}",0.4755542167099282,0.08896699450929989,0.9970773084554618,0.0003701182478687693,median,test,customOR,iqr,6.5,80,True,0.01,True,0.8,True,False,train,robustscaler,xgb
42,0.43352625875035444,0.9963058271289575,"{'booster': 'gbtree', 'eta': 0.08, 'max_depth': 6, 'min_child_weight': 2, 'objective': 'reg:squarederror', 'subsample': 0.9}",0.46941466146622995,0.06702448865877277,0.9930924090610951,0.0007698026873003797,median,test,customOR,iqr,6.5,80,True,0.01,True,0.8,True,False,train,robustscaler,xgb
42,0.43352625875035444,0.9963058271289575,"{'booster': 'gbtree', 'eta': 0.1, 'max_depth': 4, 'min_child_weight': 1, 'objective': 'reg:squarederror', 'subsample': 0.9}",0.4690726833050352,0.0843463283399615,0.9641650233267984,0.00134828664818194,median,test,customOR,iqr,6.5,80,True,0.01,True,0.8,True,False,train,robustscaler,xgb
42,0.43352625875035444,0.9963058271289575,"{'booster': 'gbtree', 'eta': 0.08, 'max_depth': 4, 'min_child_weight': 1, 'objective': 'reg:squarederror', 'subsample': 0.9}",0.46856468416229174,0.07025680993058063,0.9449227487754406,0.001228461644743786,median,test,customOR,iqr,6.5,80,True,0.01,True,0.8,True,False,train,robustscaler,xgb
43,0.43352625875035444,0.9963058271289575,"{'booster': 'gbtree', 'eta': 0.1, 'max_depth': 6, 'min_child_weight': 2, 'objective': 'reg:squarederror', 'subsample': 0.9}",0.4755542167099282,0.08896699450929989,0.9970773084554618,0.0003701182478687693,median,test,customOR,iqr,6.5,80,True,0.01,True,0.8,True,False,test,robustscaler,xgb
43,0.43352625875035444,0.9963058271289575,"{'booster': 'gbtree', 'eta': 0.08, 'max_depth': 6, 'min_child_weight': 2, 'objective': 'reg:squarederror', 'subsample': 0.9}",0.46941479037229755,0.06702463698721416,0.9930924238364153,0.0007698037942703813,median,test,customOR,iqr,6.5,80,True,0.01,True,0.8,True,False,test,robustscaler,xgb
43,0.43352625875035444,0.9963058271289575,"{'booster': 'gbtree', 'eta': 0.1, 'max_depth': 4, 'min_child_weight': 1, 'objective': 'reg:squarederror', 'subsample': 0.9}",0.4690726833050352,0.0843463283399615,0.9641650233267984,0.00134828664818194,median,test,customOR,iqr,6.5,80,True,0.01,True,0.8,True,False,test,robustscaler,xgb
43,0.43352625875035444,0.9963058271289575,"{'booster': 'gbtree', 'eta': 0.08, 'max_depth': 4, 'min_child_weight': 1, 'objective': 'reg:squarederror', 'subsample': 0.9}",0.46856468416229174,0.07025680993058063,0.9449227487754406,0.001228461644743786,median,test,customOR,iqr,6.5,80,True,0.01,True,0.8,True,False,test,robustscaler,xgb
44,0.5247226101509479,0.9133837370339004,"{'booster': 'gbtree', 'eta': 0.08, 'max_depth': 4, 'min_child_weight': 1, 'objective': 'reg:squarederror', 'subsample': 0.9}",0.4890031993062351,0.07023122467863355,0.9247057319642968,0.0035500482470572706,median,test,customOR,iqr,6.5,80,True,0.01,True,0.8,False,True,train,robustscaler,xgb
44,0.5247226101509479,0.9133837370339004,"{'booster': 'gbtree', 'eta': 0.08, 'max_depth': 6, 'min_child_weight': 2, 'objective': 'reg:squarederror', 'subsample': 0.9}",0.4875764171683194,0.05745773766534427,0.9876502997760156,0.0007134720835910527,median,test,customOR,iqr,6.5,80,True,0.01,True,0.8,False,True,train,robustscaler,xgb
44,0.5247226101509479,0.9133837370339004,"{'booster': 'gbtree', 'eta': 0.08, 'max_depth': 6, 'min_child_weight': 3, 'objective': 'reg:squarederror', 'subsample': 0.9}",0.48567857725779084,0.0666016721368405,0.9855090580395288,0.0011673108583063715,median,test,customOR,iqr,6.5,80,True,0.01,True,0.8,False,True,train,robustscaler,xgb
44,0.5247226101509479,0.9133837370339004,"{'booster': 'gbtree', 'eta': 0.1, 'max_depth': 4, 'min_child_weight': 2, 'objective': 'reg:squarederror', 'subsample': 0.9}",0.48462111831637433,0.06082002421720244,0.9459564882671747,0.003277589951103339,median,test,customOR,iqr,6.5,80,True,0.01,True,0.8,False,True,train,robustscaler,xgb
45,0.5247226101509479,0.9133837370339004,"{'booster': 'gbtree', 'eta': 0.08, 'max_depth': 4, 'min_child_weight': 1, 'objective': 'reg:squarederror', 'subsample': 0.9}",0.4890031993062351,0.07023122467863355,0.9247057319642968,0.0035500482470572706,median,test,customOR,iqr,6.5,80,True,0.01,True,0.8,False,True,test,robustscaler,xgb
45,0.5247226101509479,0.9133837370339004,"{'booster': 'gbtree', 'eta': 0.08, 'max_depth': 6, 'min_child_weight': 2, 'objective': 'reg:squarederror', 'subsample': 0.9}",0.4875764171683194,0.05745773766534427,0.9876502997760156,0.0007134720835910527,median,test,customOR,iqr,6.5,80,True,0.01,True,0.8,False,True,test,robustscaler,xgb
45,0.5247226101509479,0.9133837370339004,"{'booster': 'gbtree', 'eta': 0.08, 'max_depth': 6, 'min_child_weight': 3, 'objective': 'reg:squarederror', 'subsample': 0.9}",0.48567857725779084,0.0666016721368405,0.9855090580395288,0.0011673108583063715,median,test,customOR,iqr,6.5,80,True,0.01,True,0.8,False,True,test,robustscaler,xgb
45,0.5247226101509479,0.9133837370339004,"{'booster': 'gbtree', 'eta': 0.1, 'max_depth': 4, 'min_child_weight': 2, 'objective': 'reg:squarederror', 'subsample': 0.9}",0.48462111831637433,0.06082002421720244,0.9459564882671747,0.003277589951103339,median,test,customOR,iqr,6.5,80,True,0.01,True,0.8,False,True,test,robustscaler,xgb
46,0.5115721737119729,0.9471638291621839,"{'booster': 'gbtree', 'eta': 0.08, 'max_depth': 4, 'min_child_weight': 1, 'objective': 'reg:squarederror', 'subsample': 0.9}",0.47688854629803695,0.0563756707608568,0.95601389851278,0.002271991937283748,median,test,customOR,iqr,6.5,80,True,0.01,True,0.8,False,False,train,robustscaler,xgb
46,0.5115721737119729,0.9471638291621839,"{'booster': 'gbtree', 'eta': 0.1, 'max_depth': 6, 'min_child_weight': 2, 'objective': 'reg:squarederror', 'subsample': 1.0}",0.4759500632266069,0.055386771616282575,0.9983923892367195,0.00021605229301981484,median,test,customOR,iqr,6.5,80,True,0.01,True,0.8,False,False,train,robustscaler,xgb
46,0.5115721737119729,0.9471638291621839,"{'booster': 'gbtree', 'eta': 0.1, 'max_depth': 2, 'min_child_weight': 1, 'objective': 'reg:squarederror', 'subsample': 0.9}",0.471692811405488,0.05134222108668821,0.7855069379880335,0.003487823911097895,median,test,customOR,iqr,6.5,80,True,0.01,True,0.8,False,False,train,robustscaler,xgb
46,0.5115721737119729,0.9471638291621839,"{'booster': 'gbtree', 'eta': 0.08, 'max_depth': 2, 'min_child_weight': 2, 'objective': 'reg:squarederror', 'subsample': 0.9}",0.4713149151334541,0.0509215559057688,0.7470689737547996,0.002064836666893274,median,test,customOR,iqr,6.5,80,True,0.01,True,0.8,False,False,train,robustscaler,xgb
47,0.5115721737119729,0.9471638291621839,"{'booster': 'gbtree', 'eta': 0.08, 'max_depth': 4, 'min_child_weight': 1, 'objective': 'reg:squarederror', 'subsample': 0.9}",0.47688854629803695,0.0563756707608568,0.95601389851278,0.002271991937283748,median,test,customOR,iqr,6.5,80,True,0.01,True,0.8,False,False,test,robustscaler,xgb
47,0.5115721737119729,0.9471638291621839,"{'booster': 'gbtree', 'eta': 0.1, 'max_depth': 6, 'min_child_weight': 2, 'objective': 'reg:squarederror', 'subsample': 1.0}",0.4759500632266069,0.055386771616282575,0.9983923892367195,0.00021605229301981484,median,test,customOR,iqr,6.5,80,True,0.01,True,0.8,False,False,test,robustscaler,xgb
47,0.5115721737119729,0.9471638291621839,"{'booster': 'gbtree', 'eta': 0.1, 'max_depth': 2, 'min_child_weight': 1, 'objective': 'reg:squarederror', 'subsample': 0.9}",0.471692811405488,0.05134222108668821,0.7855069379880335,0.003487823911097895,median,test,customOR,iqr,6.5,80,True,0.01,True,0.8,False,False,test,robustscaler,xgb
47,0.5115721737119729,0.9471638291621839,"{'booster': 'gbtree', 'eta': 0.08, 'max_depth': 2, 'min_child_weight': 2, 'objective': 'reg:squarederror', 'subsample': 0.9}",0.4713149151334541,0.0509215559057688,0.7470689737547996,0.002064836666893274,median,test,customOR,iqr,6.5,80,True,0.01,True,0.8,False,False,test,robustscaler,xgb
48,0.6086864404406412,0.9740601800451808,"{'booster': 'gbtree', 'eta': 0.08, 'max_depth': 6, 'min_child_weight': 3, 'objective': 'reg:squarederror', 'subsample': 1.0}",0.5635954759446193,0.058410096848992704,0.974883519484042,0.0022168455565201653,median,test,lof,iqr,6.5,100,True,0.01,True,0.8,True,True,train,robustscaler,xgb
48,0.6086864404406412,0.9740601800451808,"{'booster': 'gbtree', 'eta': 0.08, 'max_depth': 6, 'min_child_weight': 3, 'objective': 'reg:squarederror', 'subsample': 0.8}",0.5619268681021444,0.056010288410137395,0.9724652087275383,0.0025470626292479924,median,test,lof,iqr,6.5,100,True,0.01,True,0.8,True,True,train,robustscaler,xgb
48,0.6086864404406412,0.9740601800451808,"{'booster': 'gbtree', 'eta': 0.08, 'max_depth': 6, 'min_child_weight': 2, 'objective': 'reg:squarederror', 'subsample': 0.8}",0.5610156898443303,0.06840897763033262,0.9750150673332298,0.0021224429502775632,median,test,lof,iqr,6.5,100,True,0.01,True,0.8,True,True,train,robustscaler,xgb
48,0.6086864404406412,0.9740601800451808,"{'booster': 'gbtree', 'eta': 0.1, 'max_depth': 4, 'min_child_weight': 1, 'objective': 'reg:squarederror', 'subsample': 0.8}",0.5591042750180575,0.05590970693331049,0.9286883941261577,0.002641294370411784,median,test,lof,iqr,6.5,100,True,0.01,True,0.8,True,True,train,robustscaler,xgb
49,0.6086864404406412,0.9740601800451808,"{'booster': 'gbtree', 'eta': 0.08, 'max_depth': 6, 'min_child_weight': 3, 'objective': 'reg:squarederror', 'subsample': 1.0}",0.5635954759446193,0.058410096848992704,0.974883519484042,0.0022168455565201653,median,test,lof,iqr,6.5,100,True,0.01,True,0.8,True,True,test,robustscaler,xgb
49,0.6086864404406412,0.9740601800451808,"{'booster': 'gbtree', 'eta': 0.08, 'max_depth': 6, 'min_child_weight': 3, 'objective': 'reg:squarederror', 'subsample': 0.8}",0.5619268681021444,0.056010288410137395,0.9724652087275383,0.0025470626292479924,median,test,lof,iqr,6.5,100,True,0.01,True,0.8,True,True,test,robustscaler,xgb
49,0.6086864404406412,0.9740601800451808,"{'booster': 'gbtree', 'eta': 0.08, 'max_depth': 6, 'min_child_weight': 2, 'objective': 'reg:squarederror', 'subsample': 0.8}",0.5610156898443303,0.06840897763033262,0.9750150673332298,0.0021224429502775632,median,test,lof,iqr,6.5,100,True,0.01,True,0.8,True,True,test,robustscaler,xgb
49,0.6086864404406412,0.9740601800451808,"{'booster': 'gbtree', 'eta': 0.1, 'max_depth': 4, 'min_child_weight': 1, 'objective': 'reg:squarederror', 'subsample': 0.8}",0.5591042750180575,0.05590970693331049,0.9286883941261577,0.002641294370411784,median,test,lof,iqr,6.5,100,True,0.01,True,0.8,True,True,test,robustscaler,xgb
50,0.5091145472508396,0.9894323024772702,"{'booster': 'gbtree', 'eta': 0.08, 'max_depth': 6, 'min_child_weight': 2, 'objective': 'reg:squarederror', 'subsample': 0.8}",0.5584668757213164,0.052064387504480183,0.9919193248243925,0.0010328851092925968,median,test,lof,iqr,6.5,100,True,0.01,True,0.8,True,False,train,robustscaler,xgb
50,0.5091145472508396,0.9894323024772702,"{'booster': 'gbtree', 'eta': 0.08, 'max_depth': 4, 'min_child_weight': 1, 'objective': 'reg:squarederror', 'subsample': 0.8}",0.5575143961401106,0.05118434203664127,0.9484243726107457,0.0025731922349753887,median,test,lof,iqr,6.5,100,True,0.01,True,0.8,True,False,train,robustscaler,xgb
50,0.5091145472508396,0.9894323024772702,"{'booster': 'gbtree', 'eta': 0.08, 'max_depth': 6, 'min_child_weight': 1, 'objective': 'reg:squarederror', 'subsample': 0.8}",0.5572171479168889,0.05815364573074567,0.9922015005823701,0.0007014155315923789,median,test,lof,iqr,6.5,100,True,0.01,True,0.8,True,False,train,robustscaler,xgb
50,0.5091145472508396,0.9894323024772702,"{'booster': 'gbtree', 'eta': 0.1, 'max_depth': 2, 'min_child_weight': 3, 'objective': 'reg:squarederror', 'subsample': 0.8}",0.5560624830923693,0.05596538308219986,0.7985795367436341,0.005315164016786734,median,test,lof,iqr,6.5,100,True,0.01,True,0.8,True,False,train,robustscaler,xgb
51,0.5091145472508396,0.9894323024772702,"{'booster': 'gbtree', 'eta': 0.08, 'max_depth': 6, 'min_child_weight': 2, 'objective': 'reg:squarederror', 'subsample': 0.8}",0.5584668757213164,0.052064387504480183,0.9919193248243925,0.0010328851092925968,median,test,lof,iqr,6.5,100,True,0.01,True,0.8,True,False,test,robustscaler,xgb
51,0.5091145472508396,0.9894323024772702,"{'booster': 'gbtree', 'eta': 0.08, 'max_depth': 4, 'min_child_weight': 1, 'objective': 'reg:squarederror', 'subsample': 0.8}",0.5575143961401106,0.05118434203664127,0.9484243726107457,0.0025731922349753887,median,test,lof,iqr,6.5,100,True,0.01,True,0.8,True,False,test,robustscaler,xgb
51,0.5091145472508396,0.9894323024772702,"{'booster': 'gbtree', 'eta': 0.08, 'max_depth': 6, 'min_child_weight': 1, 'objective': 'reg:squarederror', 'subsample': 0.8}",0.5572100079028827,0.058152047659794336,0.9922015644736708,0.0007013406437457267,median,test,lof,iqr,6.5,100,True,0.01,True,0.8,True,False,test,robustscaler,xgb
51,0.5091145472508396,0.9894323024772702,"{'booster': 'gbtree', 'eta': 0.1, 'max_depth': 2, 'min_child_weight': 3, 'objective': 'reg:squarederror', 'subsample': 0.8}",0.5560624830923693,0.05596538308219986,0.7985795367436341,0.005315164016786734,median,test,lof,iqr,6.5,100,True,0.01,True,0.8,True,False,test,robustscaler,xgb
52,0.5913208953114256,0.9806132175983886,"{'booster': 'gbtree', 'eta': 0.08, 'max_depth': 6, 'min_child_weight': 3, 'objective': 'reg:squarederror', 'subsample': 0.8}",0.596021643481888,0.03947992068024191,0.9832402806817063,0.0011978601554974392,median,test,lof,iqr,6.5,100,True,0.01,True,0.8,False,True,train,robustscaler,xgb
52,0.5913208953114256,0.9806132175983886,"{'booster': 'gbtree', 'eta': 0.08, 'max_depth': 4, 'min_child_weight': 2, 'objective': 'reg:squarederror', 'subsample': 0.8}",0.5880852810720707,0.048686163069001594,0.925590215900986,0.002712609445741489,median,test,lof,iqr,6.5,100,True,0.01,True,0.8,False,True,train,robustscaler,xgb
52,0.5913208953114256,0.9806132175983886,"{'booster': 'gbtree', 'eta': 0.08, 'max_depth': 6, 'min_child_weight': 2, 'objective': 'reg:squarederror', 'subsample': 0.8}",0.5875618938501672,0.043577279041353036,0.9844530504658542,0.0016677101718817647,median,test,lof,iqr,6.5,100,True,0.01,True,0.8,False,True,train,robustscaler,xgb
52,0.5913208953114256,0.9806132175983886,"{'booster': 'gbtree', 'eta': 0.1, 'max_depth': 6, 'min_child_weight': 2, 'objective': 'reg:squarederror', 'subsample': 0.8}",0.5848563784514882,0.05405980163410765,0.9932795915057108,0.0007744639004808529,median,test,lof,iqr,6.5,100,True,0.01,True,0.8,False,True,train,robustscaler,xgb
53,0.5913208953114256,0.9806132175983886,"{'booster': 'gbtree', 'eta': 0.08, 'max_depth': 6, 'min_child_weight': 3, 'objective': 'reg:squarederror', 'subsample': 0.8}",0.596021643481888,0.03947992068024191,0.9832402806817063,0.0011978601554974392,median,test,lof,iqr,6.5,100,True,0.01,True,0.8,False,True,test,robustscaler,xgb
53,0.5913208953114256,0.9806132175983886,"{'booster': 'gbtree', 'eta': 0.08, 'max_depth': 4, 'min_child_weight': 2, 'objective': 'reg:squarederror', 'subsample': 0.8}",0.5880852810720707,0.048686163069001594,0.925590215900986,0.002712609445741489,median,test,lof,iqr,6.5,100,True,0.01,True,0.8,False,True,test,robustscaler,xgb
53,0.5913208953114256,0.9806132175983886,"{'booster': 'gbtree', 'eta': 0.08, 'max_depth': 6, 'min_child_weight': 2, 'objective': 'reg:squarederror', 'subsample': 0.8}",0.5875618938501672,0.043577279041353036,0.9844530504658542,0.0016677101718817647,median,test,lof,iqr,6.5,100,True,0.01,True,0.8,False,True,test,robustscaler,xgb
53,0.5913208953114256,0.9806132175983886,"{'booster': 'gbtree', 'eta': 0.1, 'max_depth': 6, 'min_child_weight': 2, 'objective': 'reg:squarederror', 'subsample': 0.8}",0.5848563784514882,0.05405980163410765,0.9932795915057108,0.0007744639004808529,median,test,lof,iqr,6.5,100,True,0.01,True,0.8,False,True,test,robustscaler,xgb
54,0.593056128617266,0.9573789529100666,"{'booster': 'gbtree', 'eta': 0.08, 'max_depth': 4, 'min_child_weight': 3, 'objective': 'reg:squarederror', 'subsample': 0.8}",0.5714017610891575,0.055545218184081105,0.9605829781224996,0.0017252243950457407,median,test,lof,iqr,6.5,100,True,0.01,True,0.8,False,False,train,robustscaler,xgb
54,0.593056128617266,0.9573789529100666,"{'booster': 'gbtree', 'eta': 0.08, 'max_depth': 4, 'min_child_weight': 2, 'objective': 'reg:squarederror', 'subsample': 0.8}",0.5712518291393358,0.045319894924977226,0.9613663283989201,0.001875866908669219,median,test,lof,iqr,6.5,100,True,0.01,True,0.8,False,False,train,robustscaler,xgb
54,0.593056128617266,0.9573789529100666,"{'booster': 'gbtree', 'eta': 0.1, 'max_depth': 4, 'min_child_weight': 1, 'objective': 'reg:squarederror', 'subsample': 0.8}",0.5611090000855317,0.0433450712832441,0.9770355277912477,0.0015383720358021853,median,test,lof,iqr,6.5,100,True,0.01,True,0.8,False,False,train,robustscaler,xgb
54,0.593056128617266,0.9573789529100666,"{'booster': 'gbtree', 'eta': 0.08, 'max_depth': 4, 'min_child_weight': 1, 'objective': 'reg:squarederror', 'subsample': 0.9}",0.560194934028765,0.05595500434198856,0.9642639832277915,0.00203576123793337,median,test,lof,iqr,6.5,100,True,0.01,True,0.8,False,False,train,robustscaler,xgb
55,0.593056128617266,0.9573789529100666,"{'booster': 'gbtree', 'eta': 0.08, 'max_depth': 4, 'min_child_weight': 3, 'objective': 'reg:squarederror', 'subsample': 0.8}",0.5714017610891575,0.055545218184081105,0.9605829781224996,0.0017252243950457407,median,test,lof,iqr,6.5,100,True,0.01,True,0.8,False,False,test,robustscaler,xgb
55,0.593056128617266,0.9573789529100666,"{'booster': 'gbtree', 'eta': 0.08, 'max_depth': 4, 'min_child_weight': 2, 'objective': 'reg:squarederror', 'subsample': 0.8}",0.5712518291393358,0.045319894924977226,0.9613663283989201,0.001875866908669219,median,test,lof,iqr,6.5,100,True,0.01,True,0.8,False,False,test,robustscaler,xgb
55,0.593056128617266,0.9573789529100666,"{'booster': 'gbtree', 'eta': 0.1, 'max_depth': 4, 'min_child_weight': 1, 'objective': 'reg:squarederror', 'subsample': 0.8}",0.5611090000855317,0.0433450712832441,0.9770355277912477,0.0015383720358021853,median,test,lof,iqr,6.5,100,True,0.01,True,0.8,False,False,test,robustscaler,xgb
55,0.593056128617266,0.9573789529100666,"{'booster': 'gbtree', 'eta': 0.08, 'max_depth': 4, 'min_child_weight': 1, 'objective': 'reg:squarederror', 'subsample': 0.9}",0.560194934028765,0.05595500434198856,0.9642639832277915,0.00203576123793337,median,test,lof,iqr,6.5,100,True,0.01,True,0.8,False,False,test,robustscaler,xgb
56,0.5705661165022669,0.9800431672486868,"{'booster': 'gbtree', 'eta': 0.1, 'max_depth': 6, 'min_child_weight': 3, 'objective': 'reg:squarederror', 'subsample': 0.9}",0.5586814590031637,0.04533950859804711,0.9838533604961253,0.0014155684200039182,median,test,lof,iqr,6.5,80,True,0.01,True,0.8,True,True,train,robustscaler,xgb
56,0.5705661165022669,0.9800431672486868,"{'booster': 'gbtree', 'eta': 0.08, 'max_depth': 6, 'min_child_weight': 3, 'objective': 'reg:squarederror', 'subsample': 0.8}",0.5564105871640214,0.06121049479066586,0.9674571692377295,0.0019566010246298295,median,test,lof,iqr,6.5,80,True,0.01,True,0.8,True,True,train,robustscaler,xgb
56,0.5705661165022669,0.9800431672486868,"{'booster': 'gbtree', 'eta': 0.08, 'max_depth': 4, 'min_child_weight': 3, 'objective': 'reg:squarederror', 'subsample': 0.8}",0.5526218446394381,0.05331978936768473,0.8871555031183158,0.002623345843968815,median,test,lof,iqr,6.5,80,True,0.01,True,0.8,True,True,train,robustscaler,xgb
56,0.5705661165022669,0.9800431672486868,"{'booster': 'gbtree', 'eta': 0.08, 'max_depth': 6, 'min_child_weight': 3, 'objective': 'reg:squarederror', 'subsample': 0.9}",0.5511690494671919,0.04576382199417298,0.9709025538487361,0.0020601974892670897,median,test,lof,iqr,6.5,80,True,0.01,True,0.8,True,True,train,robustscaler,xgb
57,0.5705661165022669,0.9800431672486868,"{'booster': 'gbtree', 'eta': 0.1, 'max_depth': 6, 'min_child_weight': 3, 'objective': 'reg:squarederror', 'subsample': 0.9}",0.5586814590031637,0.04533950859804711,0.9838533604961253,0.0014155684200039182,median,test,lof,iqr,6.5,80,True,0.01,True,0.8,True,True,test,robustscaler,xgb
57,0.5705661165022669,0.9800431672486868,"{'booster': 'gbtree', 'eta': 0.08, 'max_depth': 6, 'min_child_weight': 3, 'objective': 'reg:squarederror', 'subsample': 0.8}",0.5564105871640214,0.06121049479066586,0.9674571692377295,0.0019566010246298295,median,test,lof,iqr,6.5,80,True,0.01,True,0.8,True,True,test,robustscaler,xgb
57,0.5705661165022669,0.9800431672486868,"{'booster': 'gbtree', 'eta': 0.08, 'max_depth': 4, 'min_child_weight': 3, 'objective': 'reg:squarederror', 'subsample': 0.8}",0.5526218446394381,0.05331978936768473,0.8871555031183158,0.002623345843968815,median,test,lof,iqr,6.5,80,True,0.01,True,0.8,True,True,test,robustscaler,xgb
57,0.5705661165022669,0.9800431672486868,"{'booster': 'gbtree', 'eta': 0.08, 'max_depth': 6, 'min_child_weight': 3, 'objective': 'reg:squarederror', 'subsample': 0.9}",0.5511690494671919,0.04576382199417298,0.9709025538487361,0.0020601974892670897,median,test,lof,iqr,6.5,80,True,0.01,True,0.8,True,True,test,robustscaler,xgb
58,0.5091145472508396,0.9894323024772702,"{'booster': 'gbtree', 'eta': 0.08, 'max_depth': 6, 'min_child_weight': 2, 'objective': 'reg:squarederror', 'subsample': 0.8}",0.5584668757213164,0.052064387504480183,0.9919193248243925,0.0010328851092925968,median,test,lof,iqr,6.5,80,True,0.01,True,0.8,True,False,train,robustscaler,xgb
58,0.5091145472508396,0.9894323024772702,"{'booster': 'gbtree', 'eta': 0.08, 'max_depth': 4, 'min_child_weight': 1, 'objective': 'reg:squarederror', 'subsample': 0.8}",0.5575143961401106,0.05118434203664127,0.9484243726107457,0.0025731922349753887,median,test,lof,iqr,6.5,80,True,0.01,True,0.8,True,False,train,robustscaler,xgb
58,0.5091145472508396,0.9894323024772702,"{'booster': 'gbtree', 'eta': 0.08, 'max_depth': 6, 'min_child_weight': 1, 'objective': 'reg:squarederror', 'subsample': 0.8}",0.5572171479168889,0.05815364573074567,0.9922015005823701,0.0007014155315923789,median,test,lof,iqr,6.5,80,True,0.01,True,0.8,True,False,train,robustscaler,xgb
58,0.5091145472508396,0.9894323024772702,"{'booster': 'gbtree', 'eta': 0.1, 'max_depth': 2, 'min_child_weight': 3, 'objective': 'reg:squarederror', 'subsample': 0.8}",0.5560624830923693,0.05596538308219986,0.7985795367436341,0.005315164016786734,median,test,lof,iqr,6.5,80,True,0.01,True,0.8,True,False,train,robustscaler,xgb
59,0.5091145472508396,0.9894323024772702,"{'booster': 'gbtree', 'eta': 0.08, 'max_depth': 6, 'min_child_weight': 2, 'objective': 'reg:squarederror', 'subsample': 0.8}",0.5584668757213164,0.052064387504480183,0.9919193248243925,0.0010328851092925968,median,test,lof,iqr,6.5,80,True,0.01,True,0.8,True,False,test,robustscaler,xgb
59,0.5091145472508396,0.9894323024772702,"{'booster': 'gbtree', 'eta': 0.08, 'max_depth': 4, 'min_child_weight': 1, 'objective': 'reg:squarederror', 'subsample': 0.8}",0.5575143961401106,0.05118434203664127,0.9484243726107457,0.0025731922349753887,median,test,lof,iqr,6.5,80,True,0.01,True,0.8,True,False,test,robustscaler,xgb
59,0.5091145472508396,0.9894323024772702,"{'booster': 'gbtree', 'eta': 0.08, 'max_depth': 6, 'min_child_weight': 1, 'objective': 'reg:squarederror', 'subsample': 0.8}",0.5572100079028827,0.058152047659794336,0.9922015644736708,0.0007013406437457267,median,test,lof,iqr,6.5,80,True,0.01,True,0.8,True,False,test,robustscaler,xgb
59,0.5091145472508396,0.9894323024772702,"{'booster': 'gbtree', 'eta': 0.1, 'max_depth': 2, 'min_child_weight': 3, 'objective': 'reg:squarederror', 'subsample': 0.8}",0.5560624830923693,0.05596538308219986,0.7985795367436341,0.005315164016786734,median,test,lof,iqr,6.5,80,True,0.01,True,0.8,True,False,test,robustscaler,xgb
60,0.5581479271744652,0.9782578085100129,"{'booster': 'gbtree', 'eta': 0.08, 'max_depth': 6, 'min_child_weight': 3, 'objective': 'reg:squarederror', 'subsample': 0.8}",0.6024704892518428,0.04503799025654649,0.9833853564590589,0.0013004728806545423,median,test,lof,iqr,6.5,80,True,0.01,True,0.8,False,True,train,robustscaler,xgb
60,0.5581479271744652,0.9782578085100129,"{'booster': 'gbtree', 'eta': 0.1, 'max_depth': 6, 'min_child_weight': 3, 'objective': 'reg:squarederror', 'subsample': 0.8}",0.596814507856603,0.04649782662227583,0.9923371420873094,0.0009328160081163263,median,test,lof,iqr,6.5,80,True,0.01,True,0.8,False,True,train,robustscaler,xgb
60,0.5581479271744652,0.9782578085100129,"{'booster': 'gbtree', 'eta': 0.08, 'max_depth': 6, 'min_child_weight': 2, 'objective': 'reg:squarederror', 'subsample': 0.9}",0.5958352237034742,0.043854328224462245,0.9860022101108136,0.0006753747857486929,median,test,lof,iqr,6.5,80,True,0.01,True,0.8,False,True,train,robustscaler,xgb
60,0.5581479271744652,0.9782578085100129,"{'booster': 'gbtree', 'eta': 0.08, 'max_depth': 6, 'min_child_weight': 3, 'objective': 'reg:squarederror', 'subsample': 0.9}",0.5925779452979646,0.05086087388098829,0.9856872816662936,0.001566591462419352,median,test,lof,iqr,6.5,80,True,0.01,True,0.8,False,True,train,robustscaler,xgb
61,0.5581479271744652,0.9782578085100129,"{'booster': 'gbtree', 'eta': 0.08, 'max_depth': 6, 'min_child_weight': 3, 'objective': 'reg:squarederror', 'subsample': 0.8}",0.6024704892518428,0.04503799025654649,0.9833853564590589,0.0013004728806545423,median,test,lof,iqr,6.5,80,True,0.01,True,0.8,False,True,test,robustscaler,xgb
61,0.5581479271744652,0.9782578085100129,"{'booster': 'gbtree', 'eta': 0.1, 'max_depth': 6, 'min_child_weight': 3, 'objective': 'reg:squarederror', 'subsample': 0.8}",0.596814507856603,0.04649782662227583,0.9923371420873094,0.0009328160081163263,median,test,lof,iqr,6.5,80,True,0.01,True,0.8,False,True,test,robustscaler,xgb
61,0.5581479271744652,0.9782578085100129,"{'booster': 'gbtree', 'eta': 0.08, 'max_depth': 6, 'min_child_weight': 2, 'objective': 'reg:squarederror', 'subsample': 0.9}",0.5958352237034742,0.043854328224462245,0.9860022101108136,0.0006753747857486929,median,test,lof,iqr,6.5,80,True,0.01,True,0.8,False,True,test,robustscaler,xgb
61,0.5581479271744652,0.9782578085100129,"{'booster': 'gbtree', 'eta': 0.08, 'max_depth': 6, 'min_child_weight': 3, 'objective': 'reg:squarederror', 'subsample': 0.9}",0.5925779452979646,0.05086087388098829,0.9856872816662936,0.001566591462419352,median,test,lof,iqr,6.5,80,True,0.01,True,0.8,False,True,test,robustscaler,xgb
62,0.593056128617266,0.9573789529100666,"{'booster': 'gbtree', 'eta': 0.08, 'max_depth': 4, 'min_child_weight': 3, 'objective': 'reg:squarederror', 'subsample': 0.8}",0.5714017610891575,0.055545218184081105,0.9605829781224996,0.0017252243950457407,median,test,lof,iqr,6.5,80,True,0.01,True,0.8,False,False,train,robustscaler,xgb
62,0.593056128617266,0.9573789529100666,"{'booster': 'gbtree', 'eta': 0.08, 'max_depth': 4, 'min_child_weight': 2, 'objective': 'reg:squarederror', 'subsample': 0.8}",0.5712518291393358,0.045319894924977226,0.9613663283989201,0.001875866908669219,median,test,lof,iqr,6.5,80,True,0.01,True,0.8,False,False,train,robustscaler,xgb
62,0.593056128617266,0.9573789529100666,"{'booster': 'gbtree', 'eta': 0.1, 'max_depth': 4, 'min_child_weight': 1, 'objective': 'reg:squarederror', 'subsample': 0.8}",0.5611090000855317,0.0433450712832441,0.9770355277912477,0.0015383720358021853,median,test,lof,iqr,6.5,80,True,0.01,True,0.8,False,False,train,robustscaler,xgb
62,0.593056128617266,0.9573789529100666,"{'booster': 'gbtree', 'eta': 0.08, 'max_depth': 4, 'min_child_weight': 1, 'objective': 'reg:squarederror', 'subsample': 0.9}",0.560194934028765,0.05595500434198856,0.9642639832277915,0.00203576123793337,median,test,lof,iqr,6.5,80,True,0.01,True,0.8,False,False,train,robustscaler,xgb
63,0.593056128617266,0.9573789529100666,"{'booster': 'gbtree', 'eta': 0.08, 'max_depth': 4, 'min_child_weight': 3, 'objective': 'reg:squarederror', 'subsample': 0.8}",0.5714017610891575,0.055545218184081105,0.9605829781224996,0.0017252243950457407,median,test,lof,iqr,6.5,80,True,0.01,True,0.8,False,False,test,robustscaler,xgb
63,0.593056128617266,0.9573789529100666,"{'booster': 'gbtree', 'eta': 0.08, 'max_depth': 4, 'min_child_weight': 2, 'objective': 'reg:squarederror', 'subsample': 0.8}",0.5712518291393358,0.045319894924977226,0.9613663283989201,0.001875866908669219,median,test,lof,iqr,6.5,80,True,0.01,True,0.8,False,False,test,robustscaler,xgb
63,0.593056128617266,0.9573789529100666,"{'booster': 'gbtree', 'eta': 0.1, 'max_depth': 4, 'min_child_weight': 1, 'objective': 'reg:squarederror', 'subsample': 0.8}",0.5611090000855317,0.0433450712832441,0.9770355277912477,0.0015383720358021853,median,test,lof,iqr,6.5,80,True,0.01,True,0.8,False,False,test,robustscaler,xgb
63,0.593056128617266,0.9573789529100666,"{'booster': 'gbtree', 'eta': 0.08, 'max_depth': 4, 'min_child_weight': 1, 'objective': 'reg:squarederror', 'subsample': 0.9}",0.560194934028765,0.05595500434198856,0.9642639832277915,0.00203576123793337,median,test,lof,iqr,6.5,80,True,0.01,True,0.8,False,False,test,robustscaler,xgb
